Lab_ID,Name,Application,Sequencing_method,Read_type,Index,Lib_depth,Conc_FA_nM,DNA_extraction_kit,DNA_extraction_plate,DNA_extraction_date,Flow_cell,Original_Sample_ID,Rat_ID,Barcode,Cage_ID,Sire_ID,Dam_ID,Batch,Litter_number,Generation,Sender,Phenotyping_center,Sex,Material,Fasted,Naive,Repetition_from_shallow,Strain,Age_weeks,Dissection_date
16511AAD,003_F,WG-Seq,Illumina Novaseq 6000,2X150,ATACATCGGA-AATCTATTCG,72528418,25.1792,QIAGEN DNEASY POWERSOIL KIT,Baud_Plate_2,16.09.22,1st,003_F,3,,E-A2/095,78906_1,78797_2,,,,Leah,NC,Male,Fecal,Fasted,No,No,HS,8,
16512AAD,027_S,WG-Seq,Illumina Novaseq 6001,2X150,GCTGGATCAG-GTAGCGCAGA,37894621,22.6039,QIAGEN DNEASY POWERSOIL KIT,Baud_Plate_2,16.09.22,1st,027_S,27,,B-E6/094,78133_1,78418_2,,,,Leah,NC,Female,Cecal-Squeezed,Non-fasted,No,No,HS,8,
16513AAD,005_W,WG-Seq,Illumina Novaseq 6002,2X150,TGCTTGATCT-TCCAGCGCAT,64342026,28.5698,QIAGEN DNEASY POWERSOIL KIT,Baud_Plate_2,16.09.22,1st,005_W,5,,E-A3/095,78796_1,78786_2,,,,Leah,NC,Male,Cecal-Whole,Fasted,No,No,HS,8,
16514AAD,023_W,WG-Seq,Illumina Novaseq 6003,2X150,CCGGCCGATC-CGGAATAGTA,70486188,23.1046,QIAGEN DNEASY POWERSOIL KIT,Baud_Plate_2,16.09.22,1st,023_W,23,,E-A8/094,78054_1,78224_2,,,,Leah,NC,Female,Cecal-Whole,Fasted,No,No,HS,8,
16515AAD,029_W,WG-Seq,Illumina Novaseq 6004,2X150,AATAGAAGCA-AAGTAATACC,80518599,23.6925,QIAGEN DNEASY POWERSOIL KIT,Baud_Plate_2,16.09.22,1st,029_W,29,,B-E7/094,78705_1,78785_2,,,,Leah,NC,Female,Cecal-Whole,Non-fasted,No,No,HS,8,
16516AAD,019_L,WG-Seq,Illumina Novaseq 6005,2X150,GTCCATTATT-TGCGGCACGC,14093556,18.9756,QIAGEN DNEASY POWERSOIL KIT,Baud_Plate_2,16.09.22,1st,019_L,19,,E-A6/094,78780_1,78774_2,,,,Leah,NC,Female,Cecal-Leftover,Fasted,No,No,HS,8,
16517AAD,021_W,WG-Seq,Illumina Novaseq 6006,2X150,CAATTCCTGC-CTTCCTGGAG,55651663,17.7166,QIAGEN DNEASY POWERSOIL KIT,Baud_Plate_2,16.09.22,1st,021_W,21,,E-A7/094,78055_1,78008_2,,,,Leah,NC,Female,Cecal-Whole,Fasted,No,No,HS,8,
16518AAD,004_W,WG-Seq,Illumina Novaseq 6007,2X150,TGTACCGCAG-GCACTACTTA,55131663,28.6463,QIAGEN DNEASY POWERSOIL KIT,Baud_Plate_2,16.09.22,1st,004_W,4,,E-A2/095,78771_1,78700_2,,,,Leah,NC,Male,Cecal-Whole,Fasted,No,No,HS,8,
16519AAD,031_F,WG-Seq,Illumina Novaseq 6008,2X150,AATCTAGAGG-GCTGCATTCA,43924515,11.7577,QIAGEN DNEASY POWERSOIL KIT,Baud_Plate_2,16.09.22,1st,031_F,31,,B-E8/094,78799_1,78692_2,,,,Leah,NC,Female,Fecal,Non-fasted,No,No,HS,8,
16520AAD,013_W,WG-Seq,Illumina Novaseq 6009,2X150,TGCGCGAGAA-CGCCGTAAGT,78824081,19.4173,QIAGEN DNEASY POWERSOIL KIT,Baud_Plate_2,16.09.22,1st,013_W,13,,B-E3/094,78414_1,78312_1,,,,Leah,NC,Male,Cecal-Whole,Non-fasted,No,No,HS,8,
16521AAD,009_L,WG-Seq,Illumina Novaseq 6010,2X150,GTAAGCTCCT-AAGGAGGCTG,85163732,25.06,QIAGEN DNEASY POWERSOIL KIT,Baud_Plate_2,16.09.22,1st,009_L,9,,B-E1/094,78105_1,78120_2,,,,Leah,NC,Male,Cecal-Leftover,Non-fasted,No,No,HS,8,
16522AAD,018_W,WG-Seq,Illumina Novaseq 6011,2X150,CAGTATCTCC-CTAATGCGAC,153921028,27.4519,QIAGEN DNEASY POWERSOIL KIT,Baud_Plate_2,16.09.22,1st,018_W,18,,E-A5/094,78146_1,78184_2,,,,Leah,NC,Female,Cecal-Whole,Fasted,No,No,HS,8,
16523AAD,001_L,WG-Seq,Illumina Novaseq 6012,2X150,GCTATAGTTA-TGATACCTAA,113635743,30.2568,QIAGEN DNEASY POWERSOIL KIT,Baud_Plate_2,16.09.22,1st,001_L,1,,E-A1/095,78999_1,78701_2,,,,Leah,NC,Male,Cecal-Leftover,Fasted,No,No,HS,8,
16524AAD,032_W,WG-Seq,Illumina Novaseq 6013,2X150,AGGCGTCCTT-GTTCCTGAGC,70542730,24.8746,QIAGEN DNEASY POWERSOIL KIT,Baud_Plate_2,16.09.22,1st,032_W,32,,B-E8/094,78745_1,78710_2,,,,Leah,NC,Female,Cecal-Whole,Non-fasted,No,No,HS,8,
16525AAD,007_F,WG-Seq,Illumina Novaseq 6014,2X150,CTCTCCTGAC-ACCTTATGCT,64754698,22.7872,QIAGEN DNEASY POWERSOIL KIT,Baud_Plate_2,16.09.22,1st,007_F,7,,E-A4/095,78709_1,78707_2,,,,Leah,NC,Male,Fecal,Fasted,No,No,HS,8,
16526AAD,021_F,WG-Seq,Illumina Novaseq 6015,2X150,TCAGAGTATT-TAGAGCATCG,105505100,25.7608,QIAGEN DNEASY POWERSOIL KIT,Baud_Plate_2,16.09.22,1st,021_F,21,,E-A7/094,78055_1,78008_2,,,,Leah,NC,Female,Fecal,Fasted,No,No,HS,8,
16527AAD,015_F,WG-Seq,Illumina Novaseq 6016,2X150,GCGATACTGG-AAGCCTGAGT,76527017,18.6691,QIAGEN DNEASY POWERSOIL KIT,Baud_Plate_2,16.09.22,1st,015_F,15,,B-E4/094,78267_1,78107_2,,,,Leah,NC,Male,Fecal,Non-fasted,No,No,HS,8,
16528AAD,024_W,WG-Seq,Illumina Novaseq 6017,2X150,AGCGCTTACA-TGAGGAATAC,53539871,17.9211,QIAGEN DNEASY POWERSOIL KIT,Baud_Plate_2,16.09.22,1st,024_W,24,,E-A8/094,78043_1,78276_2,,,,Leah,NC,Female,Cecal-Whole,Fasted,No,No,HS,8,
16529AAD,019_F,WG-Seq,Illumina Novaseq 6018,2X150,CTATACGCTC-CTTATCCGTG,102768087,25.7238,QIAGEN DNEASY POWERSOIL KIT,Baud_Plate_2,16.09.22,1st,019_F,19,,E-A6/094,78780_1,78774_2,,,,Leah,NC,Female,Fecal,Fasted,No,No,HS,8,
16530AAD,011_L,WG-Seq,Illumina Novaseq 6019,2X150,TAACGGAGAG-GCCTAGAGCA,83124562,26.7386,QIAGEN DNEASY POWERSOIL KIT,Baud_Plate_2,16.09.22,1st,011_L,11,,B-E2/094,78702_1,79039_2,,,,Leah,NC,Male,Cecal-Leftover,Non-fasted,No,No,HS,8,
16531AAD,009_S,WG-Seq,Illumina Novaseq 6020,2X150,AGTTCTCGCT-CGCTAATCCA,58511745,28.0657,QIAGEN DNEASY POWERSOIL KIT,Baud_Plate_2,16.09.22,1st,009_S,9,,B-E1/094,78105_1,78120_2,,,,Leah,NC,Male,Cecal-Squeezed,Non-fasted,No,No,HS,8,
16532AAD,002_W,WG-Seq,Illumina Novaseq 6021,2X150,TTGAACGCTA-GTGCCGCATT,127377766,31.5647,QIAGEN DNEASY POWERSOIL KIT,Baud_Plate_2,16.09.22,1st,002_W,2,,E-A1/095,78744_1,78705_2,,,,Leah,NC,Male,Cecal-Whole,Fasted,No,No,HS,8,
16533AAD,028_W,WG-Seq,Illumina Novaseq 6022,2X150,CCTCGGTAAT-AATGGCGTAG,99004370,25.7045,QIAGEN DNEASY POWERSOIL KIT,Baud_Plate_2,16.09.22,1st,028_W,28,,B-E6/094,78738_1,78728_2,,,,Leah,NC,Female,Cecal-Whole,Non-fasted,No,No,HS,8,
16534AAD,023_F,WG-Seq,Illumina Novaseq 6023,2X150,GTCGTATTGC-TACATGTCGC,98219155,37.0613,QIAGEN DNEASY POWERSOIL KIT,Baud_Plate_2,16.09.22,1st,023_F,23,,E-A8/094,78054_1,78224_2,,,,Leah,NC,Female,Fecal,Fasted,No,No,HS,8,
16535AAD,020_W,WG-Seq,Illumina Novaseq 6024,2X150,GTCGTCCGAC-TAGGCTGTCA,3154556,11.0354,QIAGEN DNEASY POWERSOIL KIT,Baud_Plate_2,19.09.22,1st,020_W,20,,E-A6/094,78706_1,79127_2,,,,Leah,NC,Female,Cecal-Whole,Fasted,No,No,HS,8,
16536AAD,027_L,WG-Seq,Illumina Novaseq 6025,2X150,ACTCAGGCTT-CGCAGCCATG,36737750,13.8909,QIAGEN DNEASY POWERSOIL KIT,Baud_Plate_2,19.09.22,1st,027_L,27,,B-E6/094,78133_1,78418_2,,,,Leah,NC,Female,Cecal-Leftover,Non-fasted,No,No,HS,8,
16537AAD,005_F,WG-Seq,Illumina Novaseq 6026,2X150,TAGTGATACA-GTTCAATGGC,119042113,29.414,QIAGEN DNEASY POWERSOIL KIT,Baud_Plate_2,19.09.22,1st,005_F,5,,E-A3/095,78796_1,78786_2,,,,Leah,NC,Male,Fecal,Fasted,No,No,HS,8,
16538AAD,031_W,WG-Seq,Illumina Novaseq 6027,2X150,AGAACTATGC-ACATTGCGAT,121343278,27.3964,QIAGEN DNEASY POWERSOIL KIT,Baud_Plate_2,19.09.22,1st,031_W,31,,B-E8/094,78799_1,78692_2,,,,Leah,NC,Female,Cecal-Whole,Non-fasted,No,No,HS,8,
16539AAD,015_W,WG-Seq,Illumina Novaseq 6028,2X150,CAGGCATTCG-CCGCGCACTG,74047025,26.5619,QIAGEN DNEASY POWERSOIL KIT,Baud_Plate_2,19.09.22,1st,015_W,15,,B-E4/094,78267_1,78107_2,,,,Leah,NC,Male,Cecal-Whole,Non-fasted,No,No,HS,8,
16540AAD,030_W,WG-Seq,Illumina Novaseq 6029,2X150,CCATTCCGTG-GGCGTAATCC,30831367,36.9561,QIAGEN DNEASY POWERSOIL KIT,Baud_Plate_2,19.09.22,1st,030_W,30,,B-E7/094,79012_1,78706_2,,,,Leah,NC,Female,Cecal-Whole,Non-fasted,No,No,HS,8,
16541AAD,014_W,WG-Seq,Illumina Novaseq 6030,2X150,CTTAATAAGA-TTATCTGCGT,65925053,22.453,QIAGEN DNEASY POWERSOIL KIT,Baud_Plate_2,19.09.22,1st,014_W,14,,B-E3/094,78711_1,78775_2,,,,Leah,NC,Male,Cecal-Whole,Non-fasted,No,No,HS,8,
16542AAD,003_S,WG-Seq,Illumina Novaseq 6031,2X150,TGCTGGCCAT-AATCTGTATA,182176660,50.1357,QIAGEN DNEASY POWERSOIL KIT,Baud_Plate_2,19.09.22,1st,003_S,3,,E-A2/095,78906_1,78797_2,,,,Leah,NC,Male,Cecal-Squeezed,Fasted,No,No,HS,8,
16543AAD,022_W,WG-Seq,Illumina Novaseq 6032,2X150,TGATACCGCT-CGCTTGACTG,61382124,11.7736,QIAGEN DNEASY POWERSOIL KIT,Baud_Plate_2,19.09.22,1st,022_W,22,,E-A7/094,78062_1,78415_2,,,,Leah,NC,Female,Cecal-Whole,Fasted,No,No,HS,8,
16544AAD,026_W,WG-Seq,Illumina Novaseq 6033,2X150,CCTAGTTATC-GATCACGGCA,11852998,13.1129,QIAGEN DNEASY POWERSOIL KIT,Baud_Plate_2,19.09.22,1st,026_W,26,,B-E5/094,78077_1,78123_2,,,,Leah,NC,Female,Cecal-Whole,Non-fasted,No,No,HS,8,
16545AAD,025_L,WG-Seq,Illumina Novaseq 6034,2X150,ATGCTATTAA-ATGACATAAT,126445014,27.4803,QIAGEN DNEASY POWERSOIL KIT,Baud_Plate_2,19.09.22,1st,025_L,25,,B-E5/094,78791_1,78739_2,,,,Leah,NC,Female,Cecal-Leftover,Non-fasted,No,No,HS,8,
16546AAD,011_F,WG-Seq,Illumina Novaseq 6035,2X150,GACTCCGCGG-TCCGGTATGC,105023452,16.4205,QIAGEN DNEASY POWERSOIL KIT,Baud_Plate_2,19.09.22,1st,011_F,11,,B-E2/094,78702_1,79039_2,,,,Leah,NC,Male,Fecal,Non-fasted,No,No,HS,8,
16547AAD,013_F,WG-Seq,Illumina Novaseq 6036,2X150,GTAGCGAGGT-GGACGTCTAG,75380293,22.594,QIAGEN DNEASY POWERSOIL KIT,Baud_Plate_2,19.09.22,1st,013_F,13,,B-E3/094,78414_1,78312_1,,,,Leah,NC,Male,Fecal,Non-fasted,No,No,HS,8,
16548AAD,003_L,WG-Seq,Illumina Novaseq 6037,2X150,TGCCGACTAA-CCTGACTAGC,138987605,30.8823,QIAGEN DNEASY POWERSOIL KIT,Baud_Plate_2,19.09.22,1st,003_L,3,,E-A2/095,78906_1,78797_2,,,,Leah,NC,Male,Cecal-Leftover,Fasted,No,No,HS,8,
16549AAD,017_F,WG-Seq,Illumina Novaseq 6038,2X150,CAGAATAACG-TCGATAGGTA,46418458,14.227,QIAGEN DNEASY POWERSOIL KIT,Baud_Plate_2,19.09.22,1st,017_F,17,,E-A5/094,78801_1,78702_2,,,,Leah,NC,Female,Fecal,Fasted,No,No,HS,8,
16550AAD,901_W,WG-Seq,Illumina Novaseq 6039,2X150,AATGTCGCTC-ATATCGCTAT,171979176,45.0085,QIAGEN DNEASY POWERSOIL KIT,Baud_Plate_2,19.09.22,1st,U901_W,U901,933000320188686,,76182_1,76054_2,,,,Jhou,SC,Male,Cecal-Whole,Non-fasted,No,No,HS,,
16551AAD,1102_W,WG-Seq,Illumina Novaseq 6040,2X150,CAGCCTCAAG-CCGCAGTGCC,26493417,10.7472,QIAGEN DNEASY POWERSOIL KIT,Baud_Plate_2,19.09.22,1st,U1102_W,U1102,933000320525266,,77488_1,77578_2,,,,Jhou,SC,Female,Cecal-Whole,Non-fasted,No,No,HS,,
16552AAD,1100_W,WG-Seq,Illumina Novaseq 6041,2X150,GGCTTCGTGA-GGCGTAACGG,42316922,17.9323,QIAGEN DNEASY POWERSOIL KIT,Baud_Plate_2,19.09.22,1st,U1100_W,U1100,933000320525262,,78133_1,78418_2,,,,Jhou,SC,Female,Cecal-Whole,Non-fasted,No,No,HS,,
16553AAD,1098_S,WG-Seq,Illumina Novaseq 6042,2X150,TCTAAGTGCC-ATATCCGAAT,115709313,24.1016,QIAGEN DNEASY POWERSOIL KIT,Baud_Plate_2,19.09.22,1st,U1098_S,U1098,933000320525264,,77420_1,77452_2,,,,Jhou,SC,Female,Cecal-Squeezed,Non-fasted,No,No,HS,,
16554AAD,1098_F,WG-Seq,Illumina Novaseq 6043,2X150,ATAGGTACTT-TATAGTCAGA,106097806,18.9662,QIAGEN DNEASY POWERSOIL KIT,Baud_Plate_2,19.09.22,1st,U1098_F,U1098,933000320525264,,77420_1,77452_2,,,,Jhou,SC,Female,Fecal,Non-fasted,No,No,HS,,
16555AAD,1098_L,WG-Seq,Illumina Novaseq 6044,2X150,GTCTCAATAT-ATAGCACTTC,204255038,43.785,QIAGEN DNEASY POWERSOIL KIT,Baud_Plate_2,19.09.22,1st,U1098_L,U1098,933000320525264,,77420_1,77452_2,,,,Jhou,SC,Female,Cecal-Leftover,Non-fasted,No,No,HS,,
16556AAD,1102_F,WG-Seq,Illumina Novaseq 6045,2X150,AGAATAGGTC-CGCATTATTA,191358780,33.5232,QIAGEN DNEASY POWERSOIL KIT,Baud_Plate_2,19.09.22,1st,U1102_F,U1102,933000320525266,,77488_1,77578_2,,,,Jhou,SC,Female,Fecal,Non-fasted,No,No,HS,,
16557AAD,897_W,WG-Seq,Illumina Novaseq 6046,2X150,CCTGGCTCCA-TCGCAGTGAG,112294517,17.6968,QIAGEN DNEASY POWERSOIL KIT,Baud_Plate_2,19.09.22,1st,U897_W,U897,933000320188682,,76092_1,76504_7,,,,Jhou,SC,Male,Cecal-Whole,Non-fasted,No,No,HS,,
16558AAD,898_W,WG-Seq,Illumina Novaseq 6047,2X150,AAGTAGCCGG-CATAGCGCCG,113991315,31.1266,QIAGEN DNEASY POWERSOIL KIT,Baud_Plate_2,19.09.22,1st,U898_W,U898,933000320188681,,76157_1,76151_2,,,,Jhou,SC,Male,Cecal-Whole,Non-fasted,No,No,HS,,
16559AAD,1100_F,WG-Seq,Illumina Novaseq 6048,2X150,GCTCATCGTT-GAACTTATGT,77586257,22.3747,QIAGEN DNEASY POWERSOIL KIT,Baud_Plate_2,19.09.22,1st,U1100_F,U1100,933000320525262,,78133_1,78418_2,,,,Jhou,SC,Female,Fecal,Non-fasted,No,No,HS,,
17352AAD,59_7_F,WG-Seq,Illumina Novaseq 6049,2X150,GCAAGAAGTG-CATTAGGCCA,35216356,10.8373,QIAGEN DNEASY POWERSOIL KIT,Baud_Plate_1,12.09.22,1st,59.7_F,59.7,,,,,,7,59,Alberto,UAB,Female,Fecal,Non-fasted,Yes,No,HS,4,6/9/22
17353AAD,8845_S,WG-Seq,Illumina Novaseq 6050,2X150,CGTGATTAAC-TGCCTACGTT,38239843,15.5,QIAGEN DNEASY POWERSOIL KIT,Baud_Plate_1,12.09.22,1st,8845_S,8845,,,,,,14 (10),88,Alberto,UAB,Female,Cecal-Squeezed,Non-fasted,Yes,No,RHA,4,6/9/22
17354AAD,8845_F,WG-Seq,Illumina Novaseq 6051,2X150,TTCTCGCCGA-ATGGCTAAGG,44845830,18.6417,QIAGEN DNEASY POWERSOIL KIT,Baud_Plate_1,12.09.22,1st,8845_F,8845,,,,,,14 (10),88,Alberto,UAB,Female,Fecal,Non-fasted,Yes,No,RHA,4,6/9/22
17355AAD,8850_S,WG-Seq,Illumina Novaseq 6052,2X150,ACGCTCGTCT-GCAAGAATAC,45481549,18.1845,QIAGEN DNEASY POWERSOIL KIT,Baud_Plate_1,12.09.22,1st,8850_S,8850,,,,,,14 (10),88,Alberto,UAB,Male,Cecal-Squeezed,Non-fasted,Yes,No,RHA,4,6/9/22
17356AAD,58_5_F,WG-Seq,Illumina Novaseq 6053,2X150,TAGGTCTTGC-ATGATCTTAA,54040439,23.2437,QIAGEN DNEASY POWERSOIL KIT,Baud_Plate_1,12.09.22,1st,58.5_F,58.5,,,,,,9,58,Alberto,UAB,Female,Fecal,Non-fasted,Yes,No,HS,20,6/9/22
17357AAD,59_6_F,WG-Seq,Illumina Novaseq 6054,2X150,AGATGGAGCG-TCATCTTCTG,47830749,20.7357,QIAGEN DNEASY POWERSOIL KIT,Baud_Plate_1,12.09.22,1st,59.6_F,59.6,,,,,,10,59,Alberto,UAB,Male,Fecal,Non-fasted,Yes,No,HS,4,6/9/22
17358AAD,59_9_S,WG-Seq,Illumina Novaseq 6055,2X150,GATCATCAAG-GGTCATGACT,42092738,19.3833,QIAGEN DNEASY POWERSOIL KIT,Baud_Plate_1,12.09.22,1st,59.9_S,59.9,,,,,,6,59,Alberto,UAB,Female,Cecal-Squeezed,Non-fasted,Yes,No,HS,4,6/9/22
17359AAD,59_6_S,WG-Seq,Illumina Novaseq 6056,2X150,CTCACTGCGA-CACGCGCTGC,35469730,23.2821,QIAGEN DNEASY POWERSOIL KIT,Baud_Plate_1,12.09.22,1st,59.6_S,59.6,,,,,,10,59,Alberto,UAB,Male,Cecal-Squeezed,Non-fasted,Yes,No,HS,4,6/9/22
17360AAD,8808_F,WG-Seq,Illumina Novaseq 6057,2X150,GTATAATGCT-GCGGTACGGA,35129790,13.9642,QIAGEN DNEASY POWERSOIL KIT,Baud_Plate_1,12.09.22,1st,8808_F,8808,,,,,,15 (10),88,Alberto,UAB,Female,Fecal,Non-fasted,Yes,No,RLA,4,6/9/22
17361AAD,59_7_S,WG-Seq,Illumina Novaseq 6058,2X150,ACTCTTCAGC-ATAACTTAAG,26015580,20.1911,QIAGEN DNEASY POWERSOIL KIT,Baud_Plate_1,12.09.22,1st,59.7_S,59.7,,,,,,7,59,Alberto,UAB,Female,Cecal-Squeezed,Non-fasted,Yes,No,HS,4,6/9/22
17362AAD,59_2_F,WG-Seq,Illumina Novaseq 6059,2X150,CAGAGCATAG-CATCACGCTT,44673151,17.2214,QIAGEN DNEASY POWERSOIL KIT,Baud_Plate_1,12.09.22,1st,59.2_F,59.2,,,,,,14 (10),59,Alberto,UAB,Male,Fecal,Non-fasted,Yes,No,HS,4,6/9/22
17363AAD,8805_F,WG-Seq,Illumina Novaseq 6060,2X150,TGCGCTTCTA-TTCTGGATCA,152872134,41.0532,QIAGEN DNEASY POWERSOIL KIT,Baud_Plate_1,12.09.22,1st,8805_F,8805,,,,,,9,88,Alberto,UAB,Male,Fecal,Non-fasted,Yes,No,RLA,4,6/9/22
17364AAD,59_9_F,WG-Seq,Illumina Novaseq 6061,2X150,ATAATGGCAG-CGTGACAGTC,123188341,26.3508,QIAGEN DNEASY POWERSOIL KIT,Baud_Plate_1,12.09.22,1st,59.9_F,59.9,,,,,,6,59,Alberto,UAB,Female,Fecal,Non-fasted,Yes,No,HS,4,6/9/22
17365AAD,8805_S,WG-Seq,Illumina Novaseq 6062,2X150,CCGTCAGGCA-GAACTAGAGG,41069227,23.6166,QIAGEN DNEASY POWERSOIL KIT,Baud_Plate_1,12.09.22,1st,8805_S,8805,,,,,,9,88,Alberto,UAB,Male,Cecal-Squeezed,Non-fasted,Yes,No,RLA,4,6/9/22
17366AAD,8808_S,WG-Seq,Illumina Novaseq 6063,2X150,TGCGAGCTGT-ACCTCGCTAC,58766531,20.3173,QIAGEN DNEASY POWERSOIL KIT,Baud_Plate_1,12.09.22,1st,8808_S,8808,,,,,,15 (10),88,Alberto,UAB,Female,Cecal-Squeezed,Non-fasted,Yes,No,RLA,4,6/9/22
17367AAD,58_5_S,WG-Seq,Illumina Novaseq 6064,2X150,TGTCGCAATC-AGTAGGTCCT,108306725,34.9019,QIAGEN DNEASY POWERSOIL KIT,Baud_Plate_1,12.09.22,1st,58.5_S,58.5,,,,,,9,58,Alberto,UAB,Female,Cecal-Squeezed,Non-fasted,Yes,No,HS,20,6/9/22
17368AAD,8850_F,WG-Seq,Illumina Novaseq 6065,2X150,AGGAATAATC-CGCTAGAGCG,23551746,10.2769,QIAGEN DNEASY POWERSOIL KIT,Baud_Plate_1,12.09.22,1st,8850_F,8850,,,,,,14 (10),88,Alberto,UAB,Male,Fecal,Non-fasted,Yes,No,RHA,4,6/9/22
17369AAD,59_2_S,WG-Seq,Illumina Novaseq 6066,2X150,TCCGTCTTAG-TCTAGAGAGC,58309266,22.3736,QIAGEN DNEASY POWERSOIL KIT,Baud_Plate_1,12.09.22,1st,59.2_S,59.2,,,,,,14 (10),59,Alberto,UAB,Male,Cecal-Squeezed,Non-fasted,Yes,No,HS,4,6/9/22
17370AAD,1913_L,WG-Seq,Illumina Novaseq 6067,2X150,CATCGTCCGT-GTAGCCTTAA,58240158,18.8298,QIAGEN DNEASY POWERSOIL KIT,Baud_Plate_1,12.09.22,1st,F1913_L,F1913,933000320500202,,,,,,,Olivier,CA,Female,Cecal-Leftover,Non-fasted,No,No,HS,24,2/3/22
17371AAD,1982_F,WG-Seq,Illumina Novaseq 6068,2X150,GTATCAGACC-AAGCGGCCTT,51887245,26.7819,QIAGEN DNEASY POWERSOIL KIT,Baud_Plate_1,12.09.22,1st,M1982_F,M1982,933000320499652,,,,,,,Olivier,CA,Male,Fecal,Non-fasted,No,No,HS,24,2/3/22
17372AAD,1933_S,WG-Seq,Illumina Novaseq 6069,2X150,ATCTGGCGCA-ACGCTTCAAT,96068719,20.8354,QIAGEN DNEASY POWERSOIL KIT,Baud_Plate_1,12.09.22,1st,F1933_S,F1933,933000320499667,,,,,,,Olivier,CA,Female,Cecal-Squeezed,Non-fasted,No,No,HS,24,2/3/22
17373AAD,1981_S,WG-Seq,Illumina Novaseq 6070,2X150,TCTGTCATGA-TAAGCCGCGG,78465267,40.6207,QIAGEN DNEASY POWERSOIL KIT,Baud_Plate_1,12.09.22,1st,M1981_S,M1981,933000320499653,,,,,,,Olivier,CA,Male,Cecal-Squeezed,Non-fasted,No,No,HS,24,2/3/22
17374AAD,1981_L,WG-Seq,Illumina Novaseq 6071,2X150,GAGACGTGAT-GTTATAATTC,82474775,27.6725,QIAGEN DNEASY POWERSOIL KIT,Baud_Plate_1,12.09.22,1st,M1981_L,M1981,933000320499653,,,,,,,Olivier,CA,Male,Cecal-Leftover,Non-fasted,No,No,HS,24,2/3/22
17375AAD,1982_L,WG-Seq,Illumina Novaseq 6072,2X150,CGACGGTCTG-CGGTATTGCA,114729473,46.7686,QIAGEN DNEASY POWERSOIL KIT,Baud_Plate_1,12.09.22,1st,M1982_L,M1982,933000320499652,,,,,,,Olivier,CA,Male,Cecal-Leftover,Non-fasted,No,No,HS,24,2/3/22
17376AAD,1933_L,WG-Seq,Illumina Novaseq 6073,2X150,CACTTCTCGC-GCACTGATAA,31144054,13.1692,QIAGEN DNEASY POWERSOIL KIT,Baud_Plate_1,13.09.22,1st,F1933_L,F1933,933000320499667,,,,,,,Olivier,CA,Female,Cecal-Leftover,Non-fasted,No,No,HS,24,2/3/22
17377AAD,1913_S,WG-Seq,Illumina Novaseq 6074,2X150,TGTAATATCT-CGTGAATCGG,60784559,21.4712,QIAGEN DNEASY POWERSOIL KIT,Baud_Plate_1,13.09.22,1st,F1913_S,F1913,933000320500202,,,,,,,Olivier,CA,Female,Cecal-Squeezed,Non-fasted,No,No,HS,24,2/3/22
17378AAD,1913_F,WG-Seq,Illumina Novaseq 6075,2X150,GCAGCGCGTG-AAGTGCGGTC,55781580,13.9034,QIAGEN DNEASY POWERSOIL KIT,Baud_Plate_1,13.09.22,1st,F1913_F,F1913,933000320500202,,,,,,,Olivier,CA,Female,Fecal,Non-fasted,No,No,HS,24,2/3/22
17379AAD,1981_F,WG-Seq,Illumina Novaseq 6076,2X150,ATGCAAGAGA-TTCACTCAGC,185632773,41.8246,QIAGEN DNEASY POWERSOIL KIT,Baud_Plate_1,13.09.22,1st,M1981_F,M1981,933000320499653,,,,,,,Olivier,CA,Male,Fecal,Non-fasted,No,No,HS,24,2/3/22
17380AAD,1933_F,WG-Seq,Illumina Novaseq 6077,2X150,ACGCGTGCAC-CGAGTATACT,82826504,24.7183,QIAGEN DNEASY POWERSOIL KIT,Baud_Plate_1,13.09.22,1st,F1933_F,F1933,933000320499667,,,,,,,Olivier,CA,Female,Fecal,Non-fasted,No,No,HS,24,2/3/22
17381AAD,1982_S,WG-Seq,Illumina Novaseq 6078,2X150,CAAGCGTTAA-GTTAGGCTAA,193551974,51.171,QIAGEN DNEASY POWERSOIL KIT,Baud_Plate_1,13.09.22,1st,M1982_S,M1982,933000320499652,,,,,,,Olivier,CA,Male,Cecal-Squeezed,Non-fasted,No,No,HS,24,2/3/22
17382AAD,6EDA_F,WG-Seq,Illumina Novaseq 6079,2X150,GGCTTATATT-TACTATTCCG,63087442,25.4692,QIAGEN DNEASY POWERSOIL KIT,Baud_Plate_1,13.09.22,1st,BB1DCD6EDA_F,BB1DCD6EDA,,288555,77668_1,77409_2,,,,Chen,TN,Female,Fecal,Non-fasted,Yes,No,HS,,10/3/22
17383AAD,239A_F,WG-Seq,Illumina Novaseq 6080,2X150,TCTAGCGGCG-GCGTCCAGTT,105240941,41.3306,QIAGEN DNEASY POWERSOIL KIT,Baud_Plate_1,13.09.22,1st,DD1DCD239A_F,DD1DCD239A,,289437,BB1DCD6F5B,BB1DCD6F1F,,,,Chen,TN,Female,Fecal,Non-fasted,No,No,HS,,4/3/22
17384AAD,239D_F,WG-Seq,Illumina Novaseq 6081,2X150,CTTCGAGTTA-CGACGGATCT,45921398,14.2681,QIAGEN DNEASY POWERSOIL KIT,Baud_Plate_1,13.09.22,1st,DD1DCD239D_F,DD1DCD239D,,289035,BB1DCD6EF1,BB1DCD6EDC,,,,Chen,TN,Male,Fecal,Non-fasted,No,No,HS,,4/3/22
17385AAD,23B4_W,WG-Seq,Illumina Novaseq 6082,2X150,GACGAGAACT-TCGGACTCGA,64837930,24.3572,QIAGEN DNEASY POWERSOIL KIT,Baud_Plate_1,13.09.22,1st,DD1DCD23B4_W,DD1DCD23B4,,289436,BB1DCD6F5B,BB1DCD6F1F,,,,Chen,TN,Male,Cecal-Whole,Non-fasted,No,No,HS,,10/3/22
17386AAD,239D_S,WG-Seq,Illumina Novaseq 6083,2X150,TGATTCTCAG-ATCTTAGAAG,19317881,12.7725,QIAGEN DNEASY POWERSOIL KIT,Baud_Plate_1,13.09.22,1st,DD1DCD239D_S,DD1DCD239D,,289035,BB1DCD6EF1,BB1DCD6EDC,,,,Chen,TN,Male,Cecal-Squeezed,Non-fasted,No,No,HS,,4/3/22
17387AAD,6F3A_W,WG-Seq,Illumina Novaseq 6084,2X150,GCGACTCGTC-GATACGCGGC,35250115,22.0501,QIAGEN DNEASY POWERSOIL KIT,Baud_Plate_1,13.09.22,1st,BB1DCD6F3A_W,BB1DCD6F3A,,287942,76753_1,76969_3,,,,Chen,TN,Female,Cecal-Whole,Non-fasted,Yes,No,HS,,9/3/22
17388AAD,6EE2_F,WG-Seq,Illumina Novaseq 6085,2X150,AATCGATCGG-AGTCGTAATA,51292225,10.5578,QIAGEN DNEASY POWERSOIL KIT,Baud_Plate_1,13.09.22,1st,BB1DCD6EE2_F,BB1DCD6EE2,,288552,77404_1,77502_2,,,,Chen,TN,Male,Fecal,Non-fasted,Yes,No,HS,,10/3/22
17389AAD,6F1B_W,WG-Seq,Illumina Novaseq 6086,2X150,TGAATGCAGC-GCGTTAGTCG,137057451,34.4077,QIAGEN DNEASY POWERSOIL KIT,Baud_Plate_1,13.09.22,1st,BB1DCD6F1B_W,BB1DCD6F1B,,288553,77412_1,77403_2,,,,Chen,TN,Male,Cecal-Whole,Non-fasted,Yes,No,HS,,9/3/22
17390AAD,239D_L,WG-Seq,Illumina Novaseq 6087,2X150,CCGGCCATAT-CTCGCTTCAT,80242670,23.9402,QIAGEN DNEASY POWERSOIL KIT,Baud_Plate_1,13.09.22,1st,DD1DCD239D_L,DD1DCD239D,,289035,BB1DCD6EF1,BB1DCD6EDC,,,,Chen,TN,Male,Cecal-Leftover,Non-fasted,No,No,HS,,4/3/22
17391AAD,6F1B_F,WG-Seq,Illumina Novaseq 6088,2X150,ATCTATGAGA-TGAATCCATC,66452831,24.3059,QIAGEN DNEASY POWERSOIL KIT,Baud_Plate_1,13.09.22,1st,BB1DCD6F1B_F,BB1DCD6F1B,,288553,77412_1,77403_2,,,,Chen,TN,Male,Fecal,Non-fasted,Yes,No,HS,,9/3/22
17392AAD,6EE2_S,WG-Seq,Illumina Novaseq 6089,2X150,GTCGCTGATA-GATAGGAGAC,24768665,14.7908,QIAGEN DNEASY POWERSOIL KIT,Baud_Plate_1,13.09.22,1st,BB1DCD6EE2_S,BB1DCD6EE2,,288552,77404_1,77502_2,,,,Chen,TN,Male,Cecal-Squeezed,Non-fasted,Yes,No,HS,,10/3/22
17393AAD,239A_S,WG-Seq,Illumina Novaseq 6090,2X150,ACTATCCGAG-CTATACGATT,71040646,25.8242,QIAGEN DNEASY POWERSOIL KIT,Baud_Plate_1,13.09.22,1st,DD1DCD239A_S,DD1DCD239A,,289437,BB1DCD6F5B,BB1DCD6F1F,,,,Chen,TN,Female,Cecal-Squeezed,Non-fasted,No,No,HS,,4/3/22
17394AAD,241C_F,WG-Seq,Illumina Novaseq 6091,2X150,CAGTAATTCT-TGGCCTCCGA,56702631,17.5338,QIAGEN DNEASY POWERSOIL KIT,Baud_Plate_1,13.09.22,1st,DD1DCD241C_F,DD1DCD241C,,289842,BB1DCD6F0F,BB1DCD6F41,,,,Chen,TN,Female,Fecal,Non-fasted,No,No,HS,,18/3/22
17395AAD,23B4_F,WG-Seq,Illumina Novaseq 6092,2X150,TGACGGAGGA-ACCGGAATCG,134456400,33.1323,QIAGEN DNEASY POWERSOIL KIT,Baud_Plate_1,13.09.22,1st,DD1DCD23B4_F,DD1DCD23B4,,289436,BB1DCD6F5B,BB1DCD6F1F,,,,Chen,TN,Male,Fecal,Non-fasted,No,No,HS,,10/3/22
17396AAD,6EE2_L,WG-Seq,Illumina Novaseq 6093,2X150,GTCCAGACTC-GCTCTCTTGA,37558210,15.2453,QIAGEN DNEASY POWERSOIL KIT,Baud_Plate_1,13.09.22,1st,BB1DCD6EE2_L,BB1DCD6EE2,,288552,77404_1,77502_2,,,,Chen,TN,Male,Cecal-Leftover,Non-fasted,Yes,No,HS,,10/3/22
17397AAD,239A_L,WG-Seq,Illumina Novaseq 6094,2X150,TAGTGACTAT-CTCGTGCACG,126330343,31.3453,QIAGEN DNEASY POWERSOIL KIT,Baud_Plate_1,13.09.22,1st,DD1DCD239A_L,DD1DCD239A,,289437,BB1DCD6F5B,BB1DCD6F1F,,,,Chen,TN,Female,Cecal-Leftover,Non-fasted,No,No,HS,,4/3/22
17398AAD,241C_W,WG-Seq,Illumina Novaseq 6095,2X150,CGTGCTTAGG-TGATAAGCAT,34413236,14.2627,QIAGEN DNEASY POWERSOIL KIT,Baud_Plate_1,13.09.22,1st,DD1DCD241C_W,DD1DCD241C,,289842,BB1DCD6F0F,BB1DCD6F41,,,,Chen,TN,Female,Cecal-Whole,Non-fasted,No,No,HS,,18/3/22
17399AAD,6F3A_F,WG-Seq,Illumina Novaseq 6096,2X150,ACATTCGCAC-ATGACTTGAC,97582099,32.0574,QIAGEN DNEASY POWERSOIL KIT,Baud_Plate_1,13.09.22,1st,BB1DCD6F3A_F,BB1DCD6F3A,,287942,76753_1,76969_3,,,,Chen,TN,Female,Fecal,Non-fasted,Yes,No,HS,,9/3/22
17400AAD,6EDA_L,WG-Seq,Illumina Novaseq 6097,2X150,TCGTATGGAT-TTAATATCGC,46974554,17.893,QIAGEN DNEASY POWERSOIL KIT,Baud_Plate_1,14.09.22,1st,BB1DCD6EDA_L,BB1DCD6EDA,,288555,77668_1,77409_2,,,,Chen,TN,Female,Cecal-Leftover,Non-fasted,Yes,No,HS,,10/3/22
17401AAD,6EDA_S,WG-Seq,Illumina Novaseq 6098,2X150,CGACTAACGC-CCTTATAGAG,40189775,16.6425,QIAGEN DNEASY POWERSOIL KIT,Baud_Plate_1,14.09.22,1st,BB1DCD6EDA_S,BB1DCD6EDA,,288555,77668_1,77409_2,,,,Chen,TN,Female,Cecal-Squeezed,Non-fasted,Yes,No,HS,,10/3/22
17402AAD,6940_W,WG-Seq,Illumina Novaseq 6099,2X150,GTCAGGTACA-AAGCGCTTCA,60087851,20.3194,QIAGEN DNEASY POWERSOIL KIT,Baud_Plate_1,14.09.22,1st,AA1DCD6940_W,C39-Brown Hood,P926 (AA1DCD6940),,,,,,,Meyer,NY,Female,Cecal-Whole,Non-fasted,No,No,HS,,
17403AAD,698A_S,WG-Seq,Illumina Novaseq 6100,2X150,TATGCGCTTG-GGCGCGGAAT,84384922,23.4386,QIAGEN DNEASY POWERSOIL KIT,Baud_Plate_1,14.09.22,1st,AA1DCD698A_S,C31-Brown,P1003 (AA1DCD698A),,,,,,,Meyer,NY,Female,Cecal-Squeezed,Non-fasted,No,No,HS,,
17404AAD,6922_L,WG-Seq,Illumina Novaseq 6101,2X150,ATACGCCGCC-GGACGACGTA,55335427,18.7888,QIAGEN DNEASY POWERSOIL KIT,Baud_Plate_1,14.09.22,1st,AA1DCD6922_L,C21-Albino,P990 (AA1DCD6922),,,,,,,Meyer,NY,Female,Cecal-Leftover,Fasted,No,No,HS,,
17405AAD,691F_L,WG-Seq,Illumina Novaseq 6102,2X150,GAGAACGATA-CTCATTCCGC,102480788,31.4712,QIAGEN DNEASY POWERSOIL KIT,Baud_Plate_1,14.09.22,1st,AA1DCD691F_L,C22-Brown,P996 (AA1DCD691F),,,,,,,Meyer,NY,Male,Cecal-Leftover,Fasted,No,No,HS,,
17406AAD,6910_S,WG-Seq,Illumina Novaseq 6103,2X150,CGTGCTATGT-TAGGCCATCT,45422068,20.3178,QIAGEN DNEASY POWERSOIL KIT,Baud_Plate_1,14.09.22,1st,AA1DCD6910_S,C30-Albino,P997 (AA1DCD6910),,,,,,,Meyer,NY,Male,Cecal-Squeezed,Non-fasted,No,No,HS,,
17407AAD,6949_W,WG-Seq,Illumina Novaseq 6104,2X150,ACATTATAAG-CATTAGGATG,108933643,37.374,QIAGEN DNEASY POWERSOIL KIT,Baud_Plate_1,14.09.22,1st,AA1DCD6949_W,C25-Brown Hood,P982 (AA1DCD6949),,,,,,,Meyer,NY,Female,Cecal-Whole,Fasted,No,No,HS,,
17408AAD,6922_F,WG-Seq,Illumina Novaseq 6105,2X150,GGTAATCGCT-GAGGTCTAAG,22638746,14.5966,QIAGEN DNEASY POWERSOIL KIT,Baud_Plate_1,14.09.22,1st,AA1DCD6922_F,C21-Albino,P990 (AA1DCD6922),,,,,,,Meyer,NY,Female,Fecal,Fasted,No,No,HS,,
17409AAD,698A_F,WG-Seq,Illumina Novaseq 6106,2X150,CACTGAGCGA-CGACCGATGA,22119779,21.1988,QIAGEN DNEASY POWERSOIL KIT,Baud_Plate_1,14.09.22,1st,AA1DCD698A_F,C31-Brown,P1003 (AA1DCD698A),,,,,,,Meyer,NY,Female,Fecal,Non-fasted,No,No,HS,,
17410AAD,691F_F,WG-Seq,Illumina Novaseq 6107,2X150,ATGGCCATTG-TCCAGACGTT,38384178,14.5266,QIAGEN DNEASY POWERSOIL KIT,Baud_Plate_1,14.09.22,1st,AA1DCD691F_F,C22-Brown,P996 (AA1DCD691F),,,,,,,Meyer,NY,Male,Fecal,Fasted,No,No,HS,,
17411AAD,6910_L,WG-Seq,Illumina Novaseq 6108,2X150,TCACTGTACA-ATGTAAGCCA,125243945,34.7406,QIAGEN DNEASY POWERSOIL KIT,Baud_Plate_1,14.09.22,1st,A1DCD6910_L,C30-Albino,P997 (AA1DCD6910),,,,,,,Meyer,NY,Male,Cecal-Leftover,Non-fasted,No,No,HS,,
17412AAD,6910_F,WG-Seq,Illumina Novaseq 6109,2X150,GCATGCGAAC-CTTCATAGTC,24695486,13.0122,QIAGEN DNEASY POWERSOIL KIT,Baud_Plate_1,14.09.22,1st,AA1DCD6910_F,C30-Albino,P997 (AA1DCD6910),,,,,,,Meyer,NY,Male,Fecal,Non-fasted,No,No,HS,,
17413AAD,6949_F,WG-Seq,Illumina Novaseq 6110,2X150,ATTCCTAGTG-TCAATCGTGC,80983315,26.3666,QIAGEN DNEASY POWERSOIL KIT,Baud_Plate_1,14.09.22,1st,AA1DCD6949_F,C25-Brown Hood,P982 (AA1DCD6949),,,,,,,Meyer,NY,Female,Fecal,Fasted,No,No,HS,,
17414AAD,690C_W,WG-Seq,Illumina Novaseq 6111,2X150,TGCGTGCTAC-AGTGCGTACT,56407353,20.4641,QIAGEN DNEASY POWERSOIL KIT,Baud_Plate_1,14.09.22,1st,AA1DCD690C_W,C38-Brown Hood,P1000 (AA1DCD690C),,,,,,,Meyer,NY,Male,Cecal-Whole,Non-fasted,No,No,HS,,
17415AAD,P936_F,WG-Seq,Illumina Novaseq 6112,2X150,CAGACAGCGT-GAATGACGAG,101056384,35.5019,QIAGEN DNEASY POWERSOIL KIT,Baud_Plate_1,14.09.22,1st,P936_F,C28-Brown,P936 (AA1DCD692E),,,,,,,Meyer,NY,Male,Fecal,Fasted,No,No,HS,,
17416AAD,P936_W,WG-Seq,Illumina Novaseq 6113,2X150,CGGAGTACGA-CGCTCGCTCA,41053618,15.1251,QIAGEN DNEASY POWERSOIL KIT,Baud_Plate_1,14.09.22,1st,P936_W,C28-Brown,P936 (AA1DCD692E),,,,,,,Meyer,NY,Male,Cecal-Whole,Fasted,No,No,HS,,
17417AAD,P990_S,WG-Seq,Illumina Novaseq 6114,2X150,TACGCAGTAG-TATATAGCTG,19184847,16.048,QIAGEN DNEASY POWERSOIL KIT,Baud_Plate_1,14.09.22,1st,P990_S,C21-Albino,P990 (AA1DCD6922),,,,,,,Meyer,NY,Female,Cecal-Squeezed,Fasted,No,No,HS,,
17418AAD,P996_S,WG-Seq,Illumina Novaseq 6115,2X150,GCTCTCCATT-GCAGGCAGGT,27461546,13.3288,QIAGEN DNEASY POWERSOIL KIT,Baud_Plate_1,14.09.22,1st,P996_S,C22-Brown,P996 (AA1DCD691F),,,,,,,Meyer,NY,Male,Cecal-Squeezed,Fasted,No,No,HS,,
17419AAD,1003_L,WG-Seq,Illumina Novaseq 6116,2X150,CGTTAGTGCC-ATGAACTAAC,74933220,25.8696,QIAGEN DNEASY POWERSOIL KIT,Baud_Plate_1,14.09.22,1st,P1003_L,C31-Brown,P1003 (AA1DCD698A),,,,,,,Meyer,NY,Female,Cecal-Leftover,Non-fasted,No,No,HS,,
17420AAD,1000_F,WG-Seq,Illumina Novaseq 6117,2X150,ATACGGCAGC-AGACTTGATT,34924405,13.5474,QIAGEN DNEASY POWERSOIL KIT,Baud_Plate_1,14.09.22,1st,P1000_F,C38-Brown Hood,P1000 (AA1DCD690C),,,,,,,Meyer,NY,Male,Fecal,Non-fasted,No,No,HS,,
17421AAD,P926_F,WG-Seq,Illumina Novaseq 6118,2X150,GCATCCATCT-CTTCAGTTCG,75145981,32.5176,QIAGEN DNEASY POWERSOIL KIT,Baud_Plate_1,14.09.22,1st,P926_F,C39-Brown Hood,P926 (AA1DCD6940),,,,,,,Meyer,NY,Female,Fecal,Non-fasted,No,No,HS,,
17422AAD,8133_L,WG-Seq,Illumina Novaseq 6119,2X150,TAGAATTCAA-TCCGCTCGGA,31480218,15.1521,QIAGEN DNEASY POWERSOIL KIT,Baud_Plate_1,14.09.22,1st,00077E8133_L,00077E8133,11479.RATCECUM.MI.00077E8133,B12-18,HSM02242,HSF02223,Batch12,3,78,Flagel,oldP50_MI,Female,Cecal-Whole,Fasted,No,Yes,HS,13,2/9/16
17423AAD,9B8B_L,WG-Seq,Illumina Novaseq 6120,2X150,AACGTAGGCA-GCGTGACTAC,66751123,26.4561,QIAGEN DNEASY POWERSOIL KIT,Baud_Plate_1,14.09.22,1st,00077E9B8B_L,00077E9B8B,11479.RATCECUM.MI.00077E9B8B,B10-18,HSM02053,HSF02054,Batch10,8,76,Flagel,oldP50_MI,Female,Cecal-Whole,Fasted,No,Yes,HS,12,10/6/16
17424AAD,8D58_L,WG-Seq,Illumina Novaseq 6121,2X150,CGCTCTAGCG-ACGGACGATG,956490,8.9321,QIAGEN DNEASY POWERSOIL KIT,Baud_Plate_1,15.09.22,1st,00077E8D58_L,00077E8D58,11479.RATCECUM.MI.00077E8D58,B15-17,HSM02307,HSF02301,Batch15,4,79,Flagel,oldP50_MI,Female,Cecal-Whole,Fasted,No,Yes,HS,14,16/3/17
17425AAD,9B7A_L,WG-Seq,Illumina Novaseq 6122,2X150,GAGCTCGCTC-GTAAGGCGCC,3492417,14.4173,QIAGEN DNEASY POWERSOIL KIT,Baud_Plate_1,15.09.22,1st,00077E9B7A_L,00077E9B7A,11479.RATCECUM.MI.00077E9B7A,B05-7,HSM01861,HSF01854,Batch05,2,74,Flagel,oldP50_MI,Male,Cecal-Whole,Fasted,No,Yes,HS,12,16/9/15
17426AAD,934F_L,WG-Seq,Illumina Novaseq 6123,2X150,TCTAGGTAGT-TGTCTAATGA,34636283,15.2691,QIAGEN DNEASY POWERSOIL KIT,Baud_Plate_1,15.09.22,1st,00077E934F_L,00077E934F,11479.RATCECUM.NY.00077E934F,J-12,HSM02220,HSF02239,Batch09,7,78,Flagel,oldP50_NY,Male,Cecal-Whole,Fasted,No,Yes,HS,29,3/4/17
17427AAD,AD05_L,WG-Seq,Illumina Novaseq 6124,2X150,CTAGAACTTC-GAGTCTTCAT,45422947,20.0393,QIAGEN DNEASY POWERSOIL KIT,Baud_Plate_1,15.09.22,1st,00077EAD05_L,00077EAD05,11479.RATCECUM.MI.00077EAD05,B04-1,HSM01853,HSF01803,Batch04,3,74,Flagel,oldP50_MI,Male,Cecal-Whole,Fasted,No,Yes,HS,13,12/8/15
17428AAD,9A37_L,WG-Seq,Illumina Novaseq 6125,2X150,AAGAACTTAA-CACTATGACG,35059867,15.7073,QIAGEN DNEASY POWERSOIL KIT,Baud_Plate_1,15.09.22,1st,00077E9A37_L,00077E9A37,11479.RATCECUM.NY.00077E9A37,E-11,HSM01919,HSF01950,Batch04,1,75,Flagel,oldP50_NY,Male,Cecal-Whole,Fasted,No,Yes,HS,28,6/1/16
17429AAD,9B50_L,WG-Seq,Illumina Novaseq 6126,2X150,ATAGGTCGAG-AGTCTGACGT,60556106,22.2116,QIAGEN DNEASY POWERSOIL KIT,Baud_Plate_1,15.09.22,1st,00077E9B50_L,00077E9B50,11479.RATCECUM.MI.00077E9B50,B06-12,HSM01818,HSF01859,Batch06,6,74,Flagel,oldP50_MI,Female,Cecal-Whole,Fasted,No,Yes,HS,14,27/10/15
17430AAD,8C96_L,WG-Seq,Illumina Novaseq 6127,2X150,GGCTTAGCGT-TTCAGCCTTA,17369692,11.8221,QIAGEN DNEASY POWERSOIL KIT,Baud_Plate_1,15.09.22,1st,00077E8C96_L,00077E8C96,11479.RATCECUM.MI.00077E8C96,B15-10,HSM02311,HSF02303,Batch15,4,79,Flagel,oldP50_MI,Male,Cecal-Whole,Fasted,No,Yes,HS,13,18/3/17
17431AAD,017_L,WG-Seq,Illumina Novaseq 6128,2X150,TCTCGGAAGA-CCAGTAGGAC,31513511,29.1646,QIAGEN DNEASY POWERSOIL KIT,Baud_Plate_1,15.09.22,1st,017_L,17,,E-A5/094,78801_1,78702_2,,,,Leah,NC,Female,Cecal-Leftover,Fasted,No,No,HS,8,
17432AAD,006_W,WG-Seq,Illumina Novaseq 6129,2X150,TAGCCGCCGC-GCTAGCGGTC,19716370,9.7989,QIAGEN DNEASY POWERSOIL KIT,Baud_Plate_1,15.09.22,1st,006_W,6,,E-A3/095,78775_1,78803_2,,,,Leah,NC,Male,Cecal-Whole,Fasted,No,No,HS,8,
17433AAD,029_F,WG-Seq,Illumina Novaseq 6130,2X150,CTAGTATTAG-CTAGAGCAAG,13965688,17.0865,QIAGEN DNEASY POWERSOIL KIT,Baud_Plate_1,15.09.22,1st,029_F,29,,B-E7/094,78705_1,78785_2,,,,Leah,NC,Female,Fecal,Non-fasted,No,No,HS,8,
17434AAD,008_W,WG-Seq,Illumina Novaseq 6131,2X150,GCTAGCAGCA-TAGTTAATCT,33298692,15.0377,QIAGEN DNEASY POWERSOIL KIT,Baud_Plate_1,15.09.22,1st,008_W,8,,E-A4/095,78122_1,78181_2,,,,Leah,NC,Male,Cecal-Whole,Fasted,No,No,HS,8,
17435AAD,007_W,WG-Seq,Illumina Novaseq 6132,2X150,TGCTATTATT-AGTCCTTCGA,97176251,31.6828,QIAGEN DNEASY POWERSOIL KIT,Baud_Plate_1,15.09.22,1st,007_W,7,,E-A4/095,78709_1,78707_2,,,,Leah,NC,Male,Cecal-Whole,Fasted,No,No,HS,8,
17436AAD,025_F,WG-Seq,Illumina Novaseq 6133,2X150,ATACTTGACG-CACGCTTCTC,45719744,17.8038,QIAGEN DNEASY POWERSOIL KIT,Baud_Plate_1,15.09.22,1st,025_F,25,,B-E5/094,78791_1,78739_2,,,,Leah,NC,Female,Fecal,Non-fasted,No,No,HS,8,
17437AAD,009_F,WG-Seq,Illumina Novaseq 6134,2X150,AATGCAGCGA-TTAAGCAGCA,69077941,24.3126,QIAGEN DNEASY POWERSOIL KIT,Baud_Plate_1,15.09.22,1st,009_F,9,,B-E1/094,78105_1,78120_2,,,,Leah,NC,Male,Fecal,Non-fasted,No,No,HS,8,
17438AAD,025_S,WG-Seq,Illumina Novaseq 6135,2X150,GCCAGGCTTC-AGGCTGGAGT,46529974,21.4192,QIAGEN DNEASY POWERSOIL KIT,Baud_Plate_1,15.09.22,1st,025_S,25,,B-E5/094,78791_1,78739_2,,,,Leah,NC,Female,Cecal-Squeezed,Non-fasted,No,No,HS,8,
17439AAD,001_S,WG-Seq,Illumina Novaseq 6136,2X150,CCGTACAGAA-GACTAAGTAT,39200512,28.531,QIAGEN DNEASY POWERSOIL KIT,Baud_Plate_1,15.09.22,1st,001_S,1,,E-A1/095,78999_1,78701_2,,,,Leah,NC,Male,Cecal-Squeezed,Fasted,No,No,HS,8,
17440AAD,027_F,WG-Seq,Illumina Novaseq 6137,2X150,GATTAGCATG-TAGAGAGCAG,48505714,14.3332,QIAGEN DNEASY POWERSOIL KIT,Baud_Plate_1,15.09.22,1st,027_F,27,,B-E6/094,78133_1,78418_2,,,,Leah,NC,Female,Fecal,Non-fasted,No,No,HS,8,
17441AAD,017_S,WG-Seq,Illumina Novaseq 6138,2X150,CTCAGCTGCC-CTCTCGATTC,79324272,24.8911,QIAGEN DNEASY POWERSOIL KIT,Baud_Plate_1,15.09.22,1st,017_S,17,,E-A5/094,78801_1,78702_2,,,,Leah,NC,Female,Cecal-Squeezed,Fasted,No,No,HS,8,
17442AAD,010_W,WG-Seq,Illumina Novaseq 6139,2X150,TCGCTTATGT-AGTCTTAGGA,52568123,18.0622,QIAGEN DNEASY POWERSOIL KIT,Baud_Plate_1,15.09.22,1st,010_W,10,,B-E1/094,78699_1,78765_2,,,,Leah,NC,Male,Cecal-Whole,Non-fasted,No,No,HS,8,
17443AAD,019_S,WG-Seq,Illumina Novaseq 6140,2X150,AGCGATGCAA-GCAGATCATT,47694090,23.5611,QIAGEN DNEASY POWERSOIL KIT,Baud_Plate_1,15.09.22,1st,019_S,19,,E-A6/094,78780_1,78774_2,,,,Leah,NC,Female,Cecal-Squeezed,Fasted,No,No,HS,8,
17444AAD,011_S,WG-Seq,Illumina Novaseq 6141,2X150,TGATCAGAGG-CAAGACTTCA,47160003,17.4579,QIAGEN DNEASY POWERSOIL KIT,Baud_Plate_1,15.09.22,1st,011_S,11,,B-E2/094,78702_1,79039_2,,,,Leah,NC,Male,Cecal-Squeezed,Non-fasted,No,No,HS,8,
17445AAD,012_W,WG-Seq,Illumina Novaseq 6142,2X150,GCGGTAAGAT-TGGCGCGAAG,69795756,43.7045,QIAGEN DNEASY POWERSOIL KIT,Baud_Plate_1,15.09.22,1st,012_W,12,,B-E2/094,78828_1,78770_1,,,,Leah,NC,Male,Cecal-Whole,Non-fasted,No,No,HS,8,
17446AAD,016_W,WG-Seq,Illumina Novaseq 6143,2X150,AATCGGCCGA-ATCTTACCGC,46035691,17.1851,QIAGEN DNEASY POWERSOIL KIT,Baud_Plate_1,15.09.22,1st,016_W,16,,B-E4/094,78418_1,78171_2,,,,Leah,NC,Male,Cecal-Whole,Non-fasted,No,No,HS,8,
16560AAD,CONT,WG-Seq,Illumina Novaseq 6143,2X150,ATAGGCGACA-CTGTACGAAC,12971,0.0226,QIAGEN DNEASY POWERSOIL KIT,Baud_Plate_2,,1st,,,,,,,,,,Anna,CRG,,Control,,,,,,
17447AAD,CONT,WG-Seq,Illumina Novaseq 6143,2X150,ATAACGATTC-CCGACGTTCT,10804,0.1036,QIAGEN DNEASY POWERSOIL KIT,Baud_Plate_1,,1st,,,,,,,,,,Anna,CRG,,Control,,,,,,
01228AAE,6983_L,WG-Seq,Illumina Novaseq 6134,2X150,GTATAATGCT-GCGGTACGGA,53079254,,QIAGEN DNEASY POWERSOIL KIT,Baud_Plate_3,29.11.22,2nd,P1008_L,C32-Brown Hood,P1008 (AA1DCD6983),,,,,,,Meyer,NY,Male,Cecal - Leftover,Non-fasted,No,No,HS,,
01229AAE,690D_F,WG-Seq,Illumina Novaseq 6135,2X150,ACTCTTCAGC-ATAACTTAAG,61706668,,QIAGEN DNEASY POWERSOIL KIT,Baud_Plate_3,29.11.22,2nd,P925_F,C24-Black,P925 (AA1DCD690D),,,,,,,Meyer,NY,Male,Fecal,Fasted,No,No,HS,,
01230AAE,6983_F,WG-Seq,Illumina Novaseq 6136,2X150,CAGAGCATAG-CATCACGCTT,69536128,,QIAGEN DNEASY POWERSOIL KIT,Baud_Plate_3,29.11.22,2nd,P1008_F,C32-Brown Hood,P1008 (AA1DCD6983),,,,,,,Meyer,NY,Male,Fecal,Non-fasted,No,No,HS,,
01231AAE,68FD_F,WG-Seq,Illumina Novaseq 6137,2X150,TGCGCTTCTA-TTCTGGATCA,59311319,,QIAGEN DNEASY POWERSOIL KIT,Baud_Plate_3,29.11.22,2nd,P932_F,C36-Black,P932 (AA1DCD68FD),,,,,,,Meyer,NY,Male,Fecal,Non-fasted,No,No,HS,,
01232AAE,690D_L,WG-Seq,Illumina Novaseq 6138,2X150,ATAATGGCAG-CGTGACAGTC,73121966,,QIAGEN DNEASY POWERSOIL KIT,Baud_Plate_3,29.11.22,2nd,P925_L,C24-Black,P925 (AA1DCD690D),,,,,,,Meyer,NY,Male,Cecal - Leftover,Fasted,No,No,HS,,
01233AAE,6983_S,WG-Seq,Illumina Novaseq 6139,2X150,CCGTCAGGCA-GAACTAGAGG,57382516,,QIAGEN DNEASY POWERSOIL KIT,Baud_Plate_3,29.11.22,2nd,P1008_S,C32-Brown Hood,P1008 (AA1DCD6983),,,,,,,Meyer,NY,Male,Cecal - Squeezed,Non-fasted,No,No,HS,,
01234AAE,690D_S,WG-Seq,Illumina Novaseq 6140,2X150,TGCGAGCTGT-ACCTCGCTAC,68981804,,QIAGEN DNEASY POWERSOIL KIT,Baud_Plate_3,29.11.22,2nd,P925_S,C24-Black,P925 (AA1DCD690D),,,,,,,Meyer,NY,Male,Cecal - Squeezed,Fasted,No,No,HS,,
01235AAE,693F_W,WG-Seq,Illumina Novaseq 6141,2X150,TGTCGCAATC-AGTAGGTCCT,68554160,,QIAGEN DNEASY POWERSOIL KIT,Baud_Plate_3,29.11.22,2nd,P954_W,C19-Black,P954 (AA1DCD693F),,,,,,,Meyer,NY,Female,Cecal - Whole,Non-fasted,No,No,HS,,
01237AAE,68EB_F,WG-Seq,Illumina Novaseq 6142,2X150,TCCGTCTTAG-TCTAGAGAGC,77968589,,QIAGEN DNEASY POWERSOIL KIT,Baud_Plate_3,29.11.22,2nd,P971_F,C23-Black,P971 (AA1DCD68EB),,,,,,,Meyer,NY,Female,Fecal,Fasted,No,No,HS,,
01238AAE,6926_L,WG-Seq,Illumina Novaseq 6143,2X150,CATCGTCCGT-GTAGCCTTAA,63198071,,QIAGEN DNEASY POWERSOIL KIT,Baud_Plate_3,29.11.22,2nd,P979_L,C37-Black Hood,P979 (AA1DCD6926),,,,,,,Meyer,NY,Female,Cecal - Leftover,Non-fasted,No,No,HS,,
01239AAE,6936_F,WG-Seq,Illumina Novaseq 6143,2X150,GTATCAGACC-AAGCGGCCTT,71875612,,QIAGEN DNEASY POWERSOIL KIT,Baud_Plate_3,29.11.22,2nd,P995_F,C27-Black Hood,P995 (AA1DCD6936),,,,,,,Meyer,NY,Female,Fecal,Fasted,No,No,HS,,
01240AAE,6926_S,WG-Seq,Illumina Novaseq 6143,2X150,ATCTGGCGCA-ACGCTTCAAT,83740704,,QIAGEN DNEASY POWERSOIL KIT,Baud_Plate_3,29.11.22,2nd,P979_S,C37-Black Hood,P979 (AA1DCD6926),,,,,,,Meyer,NY,Female,Cecal - Squeezed,Non-fasted,No,No,HS,,
01241AAE,68FD_W,WG-Seq,Illumina Novaseq 6134,2X150,TCTGTCATGA-TAAGCCGCGG,67379673,,QIAGEN DNEASY POWERSOIL KIT,Baud_Plate_3,29.11.22,2nd,P932_W,C36-Black,P932 (AA1DCD68FD),,,,,,,Meyer,NY,Male,Cecal - Whole,Non-fasted,No,No,HS,,
01242AAE,6936_W,WG-Seq,Illumina Novaseq 6135,2X150,GAGACGTGAT-GTTATAATTC,71875864,,QIAGEN DNEASY POWERSOIL KIT,Baud_Plate_3,29.11.22,2nd,P995_W,C27-Black Hood,P995 (AA1DCD6936),,,,,,,Meyer,NY,Female,Cecal - Whole,Fasted,No,No,HS,,
01243AAE,68EB_S,WG-Seq,Illumina Novaseq 6136,2X150,CGACGGTCTG-CGGTATTGCA,65747298,,QIAGEN DNEASY POWERSOIL KIT,Baud_Plate_3,29.11.22,2nd,P971_S,C23-Black,P971 (AA1DCD68EB),,,,,,,Meyer,NY,Female,Cecal - Squeezed,Fasted,No,No,HS,,
01245AAE,68EB_L,WG-Seq,Illumina Novaseq 6137,2X150,TGTAATATCT-CGTGAATCGG,54932327,,QIAGEN DNEASY POWERSOIL KIT,Baud_Plate_3,29.11.22,2nd,P971_L,C23-Black,P971 (AA1DCD68EB),,,,,,,Meyer,NY,Female,Cecal - Leftover,Fasted,No,No,HS,,
01246AAE,6946_W,WG-Seq,Illumina Novaseq 6138,2X150,GCAGCGCGTG-AAGTGCGGTC,75320578,,QIAGEN DNEASY POWERSOIL KIT,Baud_Plate_3,29.11.22,2nd,P924_W,C26-Black Hood,P924 (AA1DCD6946),,,,,,,Meyer,NY,Male,Cecal - Whole,Fasted,No,No,HS,,
01247AAE,8716_F,WG-Seq,Illumina Novaseq 6139,2X150,ATGCAAGAGA-TTCACTCAGC,82632005,,QIAGEN DNEASY POWERSOIL KIT,Baud_Plate_3,29.11.22,2nd,8716_F,8716,,,,,,13 (10),87,Alberto,UAB,Female,Fecal,Non-fasted,Yes,No,RLA,19,6/9/22
01248AAE,8744_F,WG-Seq,Illumina Novaseq 6140,2X150,ACGCGTGCAC-CGAGTATACT,71907044,,QIAGEN DNEASY POWERSOIL KIT,Baud_Plate_3,29.11.22,2nd,8744_F,8744,,,,,,11,87,Alberto,UAB,Male,Fecal,Non-fasted,Yes,No,RHA,19,6/9/22
01249AAE,5839_S,WG-Seq,Illumina Novaseq 6141,2X150,CAAGCGTTAA-GTTAGGCTAA,67979475,,QIAGEN DNEASY POWERSOIL KIT,Baud_Plate_3,29.11.22,2nd,58.39_S,58.39,,,,,,14,58,Alberto,UAB,Female,Cecal - Squeezed,Non-fasted,Yes,No,HS,17,6/9/22
01250AAE,8703_S,WG-Seq,Illumina Novaseq 6142,2X150,GGCTTATATT-TACTATTCCG,70403103,,QIAGEN DNEASY POWERSOIL KIT,Baud_Plate_3,29.11.22,2nd,8703_S,8703,,,,,,10,87,Alberto,UAB,Male,Cecal - Squeezed,Non-fasted,Yes,No,RLA,19,6/9/22
01251AAE,8744_S,WG-Seq,Illumina Novaseq 6143,2X150,TCTAGCGGCG-GCGTCCAGTT,66487981,,QIAGEN DNEASY POWERSOIL KIT,Baud_Plate_3,29.11.22,2nd,8744_S,8744,,,,,,11,87,Alberto,UAB,Male,Cecal - Squeezed,Non-fasted,Yes,No,RHA,19,6/9/22
01253AAE,8733_F,WG-Seq,Illumina Novaseq 6143,2X150,GACGAGAACT-TCGGACTCGA,69936177,,QIAGEN DNEASY POWERSOIL KIT,Baud_Plate_3,12.12.22,2nd,8733_F,8733,,,,,,13 (10),87,Alberto,UAB,Female,Fecal,Non-fasted,Yes,No,RHA,19,6/9/22
01255AAE,8733_S,WG-Seq,Illumina Novaseq 6143,2X150,GCGACTCGTC-GATACGCGGC,46114223,,QIAGEN DNEASY POWERSOIL KIT,Baud_Plate_3,12.12.22,2nd,8733_S,8733,,,,,,13 (10),87,Alberto,UAB,Female,Cecal - Squeezed,Non-fasted,Yes,No,RHA,19,6/9/22
01256AAE,8716_S,WG-Seq,Illumina Novaseq 6134,2X150,AATCGATCGG-AGTCGTAATA,78022951,,QIAGEN DNEASY POWERSOIL KIT,Baud_Plate_3,12.12.22,2nd,8716_S,8716,,,,,,13 (10),87,Alberto,UAB,Female,Cecal - Squeezed,Non-fasted,Yes,No,RLA,19,6/9/22
01257AAE,1983_L,WG-Seq,Illumina Novaseq 6135,2X150,TGAATGCAGC-GCGTTAGTCG,64929591,,QIAGEN DNEASY POWERSOIL KIT,Baud_Plate_3,12.12.22,2nd,M1983_L,M1983,933000320499654,,,,,,,Olivier,CA,Male,Cecal - Leftover,Non-fasted,No,No,HS,24,2/3/22
01258AAE,1983_S,WG-Seq,Illumina Novaseq 6136,2X150,CCGGCCATAT-CTCGCTTCAT,141685715,,QIAGEN DNEASY POWERSOIL KIT,Baud_Plate_3,12.12.22,2nd,M1983_S,M1983,933000320499654,,,,,,,Olivier,CA,Male,Cecal - Squeezed,Non-fasted,No,No,HS,24,2/3/22
01259AAE,1935_S,WG-Seq,Illumina Novaseq 6137,2X150,ATCTATGAGA-TGAATCCATC,77329633,,QIAGEN DNEASY POWERSOIL KIT,Baud_Plate_3,12.12.22,2nd,F1935_S,F1935,933000320499660,,,,,,,Olivier,CA,Female,Cecal - Squeezed,Non-fasted,No,No,HS,24,3/3/22
01260AAE,1935_F,WG-Seq,Illumina Novaseq 6138,2X150,GTCGCTGATA-GATAGGAGAC,55275673,,QIAGEN DNEASY POWERSOIL KIT,Baud_Plate_3,12.12.22,2nd,F1935_F,F1935,933000320499660,,,,,,,Olivier,CA,Female,Fecal,Non-fasted,No,No,HS,24,3/3/22
01261AAE,1985_S,WG-Seq,Illumina Novaseq 6139,2X150,ACTATCCGAG-CTATACGATT,73000738,,QIAGEN DNEASY POWERSOIL KIT,Baud_Plate_3,12.12.22,2nd,M1985_S,M1985,933000320499657,,,,,,,Olivier,CA,Male,Cecal - Squeezed,Non-fasted,No,No,HS,24,3/3/22
01262AAE,1985_F,WG-Seq,Illumina Novaseq 6140,2X150,CAGTAATTCT-TGGCCTCCGA,65196460,,QIAGEN DNEASY POWERSOIL KIT,Baud_Plate_3,12.12.22,2nd,M1985_F,M1985,933000320499657,,,,,,,Olivier,CA,Male,Fecal,Non-fasted,No,No,HS,24,3/3/22
01263AAE,1983_F,WG-Seq,Illumina Novaseq 6141,2X150,TGACGGAGGA-ACCGGAATCG,65552718,,QIAGEN DNEASY POWERSOIL KIT,Baud_Plate_3,12.12.22,2nd,M1983_F,M1983,933000320499654,,,,,,,Olivier,CA,Male,Fecal,Non-fasted,No,No,HS,24,2/3/22
01264AAE,1935_L,WG-Seq,Illumina Novaseq 6142,2X150,GTCCAGACTC-GCTCTCTTGA,71927586,,QIAGEN DNEASY POWERSOIL KIT,Baud_Plate_3,12.12.22,2nd,F1935_L,F1935,933000320499660,,,,,,,Olivier,CA,Female,Cecal - Leftover,Non-fasted,No,No,HS,24,3/3/22
01265AAE,1985_L,WG-Seq,Illumina Novaseq 6143,2X150,TAGTGACTAT-CTCGTGCACG,73480495,,QIAGEN DNEASY POWERSOIL KIT,Baud_Plate_3,12.12.22,2nd,M1985_L,M1985,933000320499657,,,,,,,Olivier,CA,Male,Cecal - Leftover,Non-fasted,No,No,HS,24,3/3/22
01266AAE,1097_S,WG-Seq,Illumina Novaseq 6143,2X150,CGTGCTTAGG-TGATAAGCAT,69508217,,QIAGEN DNEASY POWERSOIL KIT,Baud_Plate_3,12.12.22,2nd,933000320525269_S,U1097,933000320525269,,78204_1,78125_2,,,,Jhou,SC,Female,Cecal - Squeezed,Non-fasted,No,No,HS,,
01267AAE,1097_L,WG-Seq,Illumina Novaseq 6143,2X150,ACATTCGCAC-ATGACTTGAC,72071357,,QIAGEN DNEASY POWERSOIL KIT,Baud_Plate_3,12.12.22,2nd,933000320525269_L,U1097,933000320525269,,78204_1,78125_2,,,,Jhou,SC,Female,Cecal - Leftover,Non-fasted,No,No,HS,,
01269AAE,1097_F,WG-Seq,Illumina Novaseq 6134,2X150,CGACTAACGC-CCTTATAGAG,74319953,,QIAGEN DNEASY POWERSOIL KIT,Baud_Plate_3,12.12.22,2nd,933000320525269_F,U1097,933000320525269,,78204_1,78125_2,,,,Jhou,SC,Female,Fecal,Non-fasted,No,No,HS,,
01270AAE,1099_F,WG-Seq,Illumina Novaseq 6135,2X150,GTCAGGTACA-AAGCGCTTCA,90797269,,QIAGEN DNEASY POWERSOIL KIT,Baud_Plate_3,12.12.22,2nd,933000320525263_F,U1099,933000320525263,,78113_1,78268_2,,,,Jhou,SC,Female,Fecal,Non-fasted,No,No,HS,,
01271AAE,1099_L,WG-Seq,Illumina Novaseq 6136,2X150,TATGCGCTTG-GGCGCGGAAT,66669417,,QIAGEN DNEASY POWERSOIL KIT,Baud_Plate_3,12.12.22,2nd,933000320525263_L,U1099,933000320525263,,78113_1,78268_2,,,,Jhou,SC,Female,Cecal - Leftover,Non-fasted,No,No,HS,,
01272AAE,1099_S,WG-Seq,Illumina Novaseq 6137,2X150,ATACGCCGCC-GGACGACGTA,75920017,,QIAGEN DNEASY POWERSOIL KIT,Baud_Plate_3,12.12.22,2nd,933000320525263_S,U1099,933000320525263,,78113_1,78268_2,,,,Jhou,SC,Female,Cecal - Squeezed,Non-fasted,No,No,HS,,
01273AAE,1101_F,WG-Seq,Illumina Novaseq 6138,2X150,GAGAACGATA-CTCATTCCGC,115353073,,QIAGEN DNEASY POWERSOIL KIT,Baud_Plate_3,12.12.22,2nd,933000320525261_F,U1101,933000320525261,,78416_1,78151_2,,,,Jhou,SC,Female,Fecal,Non-fasted,No,No,HS,,
01274AAE,E4_41,WG-Seq,Illumina Novaseq 6139,2X150,CGTGCTATGT-TAGGCCATCT,64967282,,QIAGEN DNEASY POWERSOIL KIT,Baud_Plate_3,12.12.22,2nd,Epha4_41,M,HET,,,,,,,Amelie,CRG,Female,Cecal - Whole,Fasted,Yes,No,HS,,
01275AAE,E4_35,WG-Seq,Illumina Novaseq 6140,2X150,ACATTATAAG-CATTAGGATG,64238325,,QIAGEN DNEASY POWERSOIL KIT,Baud_Plate_3,12.12.22,2nd,Epha4_35,,WT,,,,,,,Amelie,CRG,Male,Cecal - Whole,Fasted,Yes,No,HS,,
01276AAE,E4_19,WG-Seq,Illumina Novaseq 6141,2X150,GGTAATCGCT-GAGGTCTAAG,53518887,,QIAGEN DNEASY POWERSOIL KIT,Baud_Plate_3,14.12.22,2nd,Epha4_19,A,HET,,,,,,,Amelie,CRG,Female,Cecal - Whole,Fasted,Yes,No,HS,,
01277AAE,E4_44,WG-Seq,Illumina Novaseq 6142,2X150,CACTGAGCGA-CGACCGATGA,49952526,,QIAGEN DNEASY POWERSOIL KIT,Baud_Plate_3,14.12.22,2nd,Epha4_44,K,WT,,,,,,,Amelie,CRG,Male,Cecal - Whole,Fasted,Yes,No,HS,,
01278AAE,E4_22,WG-Seq,Illumina Novaseq 6143,2X150,ATGGCCATTG-TCCAGACGTT,50325019,,QIAGEN DNEASY POWERSOIL KIT,Baud_Plate_3,14.12.22,2nd,Epha4_22,B,WT,,,,,,,Amelie,CRG,Female,Cecal - Whole,Fasted,Yes,No,HS,,
01279AAE,E4_43,WG-Seq,Illumina Novaseq 6143,2X150,TCACTGTACA-ATGTAAGCCA,66936749,,QIAGEN DNEASY POWERSOIL KIT,Baud_Plate_3,14.12.22,2nd,Epha4_43,J,WT,,,,,,,Amelie,CRG,Male,Cecal - Whole,Fasted,Yes,No,HS,,
01280AAE,E4_20,WG-Seq,Illumina Novaseq 6143,2X150,GCATGCGAAC-CTTCATAGTC,71942600,,QIAGEN DNEASY POWERSOIL KIT,Baud_Plate_3,14.12.22,2nd,Epha4_20,A,WT,,,,,,,Amelie,CRG,Female,Cecal - Whole,Fasted,Yes,No,HS,,
01281AAE,E4_45,WG-Seq,Illumina Novaseq 6134,2X150,ATTCCTAGTG-TCAATCGTGC,56294464,,QIAGEN DNEASY POWERSOIL KIT,Baud_Plate_3,14.12.22,2nd,Epha4_45,L,WT,,,,,,,Amelie,CRG,Male,Cecal - Whole,Fasted,Yes,No,HS,,
01282AAE,E4_21,WG-Seq,Illumina Novaseq 6135,2X150,TGCGTGCTAC-AGTGCGTACT,63384666,,QIAGEN DNEASY POWERSOIL KIT,Baud_Plate_3,14.12.22,2nd,Epha4_21,B,HET,,,,,,,Amelie,CRG,Female,Cecal - Whole,Fasted,Yes,No,HS,,
01283AAE,E4_42,WG-Seq,Illumina Novaseq 6136,2X150,CAGACAGCGT-GAATGACGAG,65718754,,QIAGEN DNEASY POWERSOIL KIT,Baud_Plate_3,14.12.22,2nd,Epha4_42,I,WT,,,,,,,Amelie,CRG,Male,Cecal - Whole,Fasted,Yes,No,HS,,
01284AAE,E4_23,WG-Seq,Illumina Novaseq 6137,2X150,CGGAGTACGA-CGCTCGCTCA,64483735,,QIAGEN DNEASY POWERSOIL KIT,Baud_Plate_3,14.12.22,2nd,Epha4_23,M,WT,,,,,,,Amelie,CRG,Female,Cecal - Whole,Fasted,Yes,No,HS,,
01285AAE,E4_50,WG-Seq,Illumina Novaseq 6138,2X150,TACGCAGTAG-TATATAGCTG,69668121,,QIAGEN DNEASY POWERSOIL KIT,Baud_Plate_3,14.12.22,2nd,Epha4_50,L,HET,,,,,,,Amelie,CRG,Male,Cecal - Whole,Fasted,Yes,No,HS,,
01286AAE,E4_39,WG-Seq,Illumina Novaseq 6139,2X150,GCTCTCCATT-GCAGGCAGGT,61469107,,QIAGEN DNEASY POWERSOIL KIT,Baud_Plate_3,14.12.22,2nd,Epha4_39,F,HET,,,,,,,Amelie,CRG,Male,Cecal - Whole,Fasted,Yes,No,HS,,
01287AAE,E4_28,WG-Seq,Illumina Novaseq 6140,2X150,CGTTAGTGCC-ATGAACTAAC,79579754,,QIAGEN DNEASY POWERSOIL KIT,Baud_Plate_3,14.12.22,2nd,Epha4_28,C,HET,,,,,,,Amelie,CRG,Male,Cecal - Whole,Fasted,Yes,No,HS,,
01288AAE,E4_49,WG-Seq,Illumina Novaseq 6141,2X150,ATACGGCAGC-AGACTTGATT,61865263,,QIAGEN DNEASY POWERSOIL KIT,Baud_Plate_3,14.12.22,2nd,Epha4_49,,WT,,,,,,,Amelie,CRG,Male,Cecal - Whole,Fasted,Yes,No,HS,,
01289AAE,E4_24,WG-Seq,Illumina Novaseq 6142,2X150,GCATCCATCT-CTTCAGTTCG,60189465,,QIAGEN DNEASY POWERSOIL KIT,Baud_Plate_3,14.12.22,2nd,Epha4_24,C,WT,,,,,,,Amelie,CRG,Male,Cecal - Whole,Fasted,Yes,No,HS,,
01290AAE,E4_37,WG-Seq,Illumina Novaseq 6143,2X150,TAGAATTCAA-TCCGCTCGGA,66851673,,QIAGEN DNEASY POWERSOIL KIT,Baud_Plate_3,14.12.22,2nd,Epha4_37,G,WT,,,,,,,Amelie,CRG,Female,Cecal - Whole,Fasted,Yes,No,HS,,
01291AAE,E4_36,WG-Seq,Illumina Novaseq 6143,2X150,AACGTAGGCA-GCGTGACTAC,54904881,,QIAGEN DNEASY POWERSOIL KIT,Baud_Plate_3,14.12.22,2nd,Epha4_36,,WT,,,,,,,Amelie,CRG,Male,Cecal - Whole,Fasted,Yes,No,HS,,
01292AAE,E4_25,WG-Seq,Illumina Novaseq 6143,2X150,CGCTCTAGCG-ACGGACGATG,8166478,,QIAGEN DNEASY POWERSOIL KIT,Baud_Plate_3,14.12.22,2nd,Epha4_25,D,WT,,,,,,,Amelie,CRG,Male,Cecal - Whole,Fasted,Yes,No,HS,,
01294AAE,D6306_1,WG-Seq,Illumina Novaseq 6135,2X150,TCTAGGTAGT-TGTCTAATGA,74430257,,QIAGEN DNEASY POWERSOIL KIT,Baud_Plate_3,,2nd,,,,,,,,,,Nuria,CRG,,,,,,,,
01295AAE,D6306_2,WG-Seq,Illumina Novaseq 6136,2X150,CTAGAACTTC-GAGTCTTCAT,67767696,,QIAGEN DNEASY POWERSOIL KIT,Baud_Plate_3,,2nd,,,,,,,,,,Nuria,CRG,,,,,,,,
01296AAE,D6306_3,WG-Seq,Illumina Novaseq 6137,2X150,AAGAACTTAA-CACTATGACG,69340963,,QIAGEN DNEASY POWERSOIL KIT,Baud_Plate_3,,2nd,,,,,,,,,,Nuria,CRG,,,,,,,,
01297AAE,016_W,WG-Seq,Illumina Novaseq 6138,2X150,ATACATCGGA-AATCTATTCG,68778302,,QIAGEN DNEASY POWERSOIL KIT,Baud_Plate_4,16.12.22,2nd,016_W,16,,B-E4/094,78418_1,78171_2,,,,Leah,NC,Male,Cecal - Whole,Non-fasted,No,No,HS,8,
01298AAE,027_S,WG-Seq,Illumina Novaseq 6139,2X150,GCTGGATCAG-GTAGCGCAGA,52031410,,QIAGEN DNEASY POWERSOIL KIT,Baud_Plate_4,16.12.22,2nd,027_S,27,,B-E6/094,78133_1,78418_2,,,,Leah,NC,Female,Cecal - Squeezed,Non-fasted,No,No,HS,8,
01299AAE,019_L,WG-Seq,Illumina Novaseq 6140,2X150,TGCTTGATCT-TCCAGCGCAT,61746469,,QIAGEN DNEASY POWERSOIL KIT,Baud_Plate_4,16.12.22,2nd,019_L,19,,E-A6/094,78780_1,78774_2,,,,Leah,NC,Female,Cecal - Leftover,Fasted,No,No,HS,8,
01300AAE,009_S,WG-Seq,Illumina Novaseq 6141,2X150,CCGGCCGATC-CGGAATAGTA,67037965,,QIAGEN DNEASY POWERSOIL KIT,Baud_Plate_4,16.12.22,2nd,009_S,9,,B-E1/094,78105_1,78120_2,,,,Leah,NC,Male,Cecal - Squeezed,Non-fasted,No,No,HS,8,
01301AAE,006_W,WG-Seq,Illumina Novaseq 6142,2X150,AATAGAAGCA-AAGTAATACC,70005163,,QIAGEN DNEASY POWERSOIL KIT,Baud_Plate_4,16.12.22,2nd,006_W,6,,E-A3/095,78775_1,78803_2,,,,Leah,NC,Male,Cecal - Whole,Fasted,No,No,HS,8,
01302AAE,003_S,WG-Seq,Illumina Novaseq 6143,2X150,GTCCATTATT-TGCGGCACGC,61040595,,QIAGEN DNEASY POWERSOIL KIT,Baud_Plate_4,16.12.22,2nd,003_S,3,,E-A2/095,78906_1,78797_2,,,,Leah,NC,Male,Cecal - Squeezed,Fasted,No,No,HS,8,
01303AAE,011_L,WG-Seq,Illumina Novaseq 6143,2X150,CAATTCCTGC-CTTCCTGGAG,63230322,,QIAGEN DNEASY POWERSOIL KIT,Baud_Plate_4,16.12.22,2nd,011_L,11,,B-E2/094,78702_1,79039_2,,,,Leah,NC,Male,Cecal - Leftover,Non-fasted,No,No,HS,8,
01304AAE,031_W,WG-Seq,Illumina Novaseq 6143,2X150,TGTACCGCAG-GCACTACTTA,66456646,,QIAGEN DNEASY POWERSOIL KIT,Baud_Plate_4,16.12.22,2nd,031_W,31,,B-E8/094,78799_1,78692_2,,,,Leah,NC,Female,Cecal - Whole,Non-fasted,No,No,HS,8,
01305AAE,026_W,WG-Seq,Illumina Novaseq 6134,2X150,AATCTAGAGG-GCTGCATTCA,75532039,,QIAGEN DNEASY POWERSOIL KIT,Baud_Plate_4,16.12.22,2nd,026_W,26,,B-E5/094,78077_1,78123_2,,,,Leah,NC,Female,Cecal - Whole,Non-fasted,No,No,HS,8,
01306AAE,025_S,WG-Seq,Illumina Novaseq 6135,2X150,TGCGCGAGAA-CGCCGTAAGT,64509849,,QIAGEN DNEASY POWERSOIL KIT,Baud_Plate_4,16.12.22,2nd,025_S,25,,B-E5/094,78791_1,78739_2,,,,Leah,NC,Female,Cecal - Squeezed,Non-fasted,No,No,HS,8,
01307AAE,011_S,WG-Seq,Illumina Novaseq 6136,2X150,GTAAGCTCCT-AAGGAGGCTG,62885735,,QIAGEN DNEASY POWERSOIL KIT,Baud_Plate_4,16.12.22,2nd,011_S,11,,B-E2/094,78702_1,79039_2,,,,Leah,NC,Male,Cecal - Squeezed,Non-fasted,No,No,HS,8,
01308AAE,027_L,WG-Seq,Illumina Novaseq 6137,2X150,CAGTATCTCC-CTAATGCGAC,74640880,,QIAGEN DNEASY POWERSOIL KIT,Baud_Plate_4,16.12.22,2nd,027_L,27,,B-E6/094,78133_1,78418_2,,,,Leah,NC,Female,Cecal - Leftover,Non-fasted,No,No,HS,8,
01309AAE,019_S,WG-Seq,Illumina Novaseq 6138,2X150,GCTATAGTTA-TGATACCTAA,67520010,,QIAGEN DNEASY POWERSOIL KIT,Baud_Plate_4,16.12.22,2nd,019_S,19,,E-A6/094,78780_1,78774_2,,,,Leah,NC,Female,Cecal - Squeezed,Fasted,No,No,HS,8,
01310AAE,022_W,WG-Seq,Illumina Novaseq 6139,2X150,AGGCGTCCTT-GTTCCTGAGC,67750836,,QIAGEN DNEASY POWERSOIL KIT,Baud_Plate_4,16.12.22,2nd,022_W,22,,E-A7/094,78062_1,78415_2,,,,Leah,NC,Female,Cecal - Whole,Fasted,No,No,HS,8,
01311AAE,032_W,WG-Seq,Illumina Novaseq 6140,2X150,CTCTCCTGAC-ACCTTATGCT,64661879,,QIAGEN DNEASY POWERSOIL KIT,Baud_Plate_4,16.12.22,2nd,032_W,32,,B-E8/094,78745_1,78710_2,,,,Leah,NC,Female,Cecal - Whole,Non-fasted,No,No,HS,8,
01312AAE,023_W,WG-Seq,Illumina Novaseq 6141,2X150,TCAGAGTATT-TAGAGCATCG,64187675,,QIAGEN DNEASY POWERSOIL KIT,Baud_Plate_4,16.12.22,2nd,023_W,23,,E-A8/094,78054_1,78224_2,,,,Leah,NC,Female,Cecal - Whole,Fasted,No,No,HS,8,
01313AAE,014_W,WG-Seq,Illumina Novaseq 6142,2X150,GCGATACTGG-AAGCCTGAGT,67576286,,QIAGEN DNEASY POWERSOIL KIT,Baud_Plate_4,16.12.22,2nd,014_W,14,,B-E3/094,78711_1,78775_2,,,,Leah,NC,Male,Cecal - Whole,Non-fasted,No,No,HS,8,
01314AAE,012_W,WG-Seq,Illumina Novaseq 6143,2X150,AGCGCTTACA-TGAGGAATAC,53481373,,QIAGEN DNEASY POWERSOIL KIT,Baud_Plate_4,16.12.22,2nd,012_W,12,,B-E2/094,78828_1,78770_1,,,,Leah,NC,Male,Cecal - Whole,Non-fasted,No,No,HS,8,
01315AAE,005_W,WG-Seq,Illumina Novaseq 6143,2X150,CTATACGCTC-CTTATCCGTG,63596672,,QIAGEN DNEASY POWERSOIL KIT,Baud_Plate_4,16.12.22,2nd,005_W,5,,E-A3/095,78796_1,78786_2,,,,Leah,NC,Male,Cecal - Whole,Fasted,No,No,HS,8,
01316AAE,003_L,WG-Seq,Illumina Novaseq 6143,2X150,TAACGGAGAG-GCCTAGAGCA,58917106,,QIAGEN DNEASY POWERSOIL KIT,Baud_Plate_4,16.12.22,2nd,003_L,3,,E-A2/095,78906_1,78797_2,,,,Leah,NC,Male,Cecal - Leftover,Fasted,No,No,HS,8,
01317AAE,013_W,WG-Seq,Illumina Novaseq 6134,2X150,AGTTCTCGCT-CGCTAATCCA,72243013,,QIAGEN DNEASY POWERSOIL KIT,Baud_Plate_4,16.12.22,2nd,013_W,13,,B-E3/094,78414_1,78312_1,,,,Leah,NC,Male,Cecal - Whole,Non-fasted,No,No,HS,8,
01318AAE,030_W,WG-Seq,Illumina Novaseq 6135,2X150,TTGAACGCTA-GTGCCGCATT,64883497,,QIAGEN DNEASY POWERSOIL KIT,Baud_Plate_4,16.12.22,2nd,030_W,30,,B-E7/094,79012_1,78706_2,,,,Leah,NC,Female,Cecal - Whole,Non-fasted,No,No,HS,8,
01319AAE,025_L,WG-Seq,Illumina Novaseq 6136,2X150,CCTCGGTAAT-AATGGCGTAG,82010745,,QIAGEN DNEASY POWERSOIL KIT,Baud_Plate_4,16.12.22,2nd,025_L,25,,B-E5/094,78791_1,78739_2,,,,Leah,NC,Female,Cecal - Leftover,Non-fasted,No,No,HS,8,
01320AAE,8133_L,WG-Seq,Illumina Novaseq 6137,2X150,GTCGTATTGC-TACATGTCGC,66627580,,QIAGEN DNEASY POWERSOIL KIT,Baud_Plate_4,16.12.22,2nd,00077E8133_L,00077E8133,11479.RATCECUM.MI.00077E8133,B12-18,HSM02242,HSF02223,Batch12,3,78,Flagel,oldP50_MI,Female,Cecal-Whole,Fasted,No,Yes,HS,13,2/9/16
01321AAE,8C96_L,WG-Seq,Illumina Novaseq 6138,2X150,GTCGTCCGAC-TAGGCTGTCA,47909130,,QIAGEN DNEASY POWERSOIL KIT,Baud_Plate_4,19.12.22,2nd,00077E8C96_L,00077E8C96,11479.RATCECUM.MI.00077E8C96,B15-10,HSM02311,HSF02303,Batch15,4,79,Flagel,oldP50_MI,Male,Cecal-Whole,Fasted,No,Yes,HS,13,18/3/17
01322AAE,6910_S,WG-Seq,Illumina Novaseq 6139,2X150,ACTCAGGCTT-CGCAGCCATG,84354294,,QIAGEN DNEASY POWERSOIL KIT,Baud_Plate_4,19.12.22,2nd,AA1DCD6910_S,C30-Albino,P997 (AA1DCD6910),,,,,,,Meyer,NY,Male,Cecal - Squeezed,Non-fasted,No,No,HS,,
01323AAE,698A_S,WG-Seq,Illumina Novaseq 6140,2X150,TAGTGATACA-GTTCAATGGC,60058410,,QIAGEN DNEASY POWERSOIL KIT,Baud_Plate_4,19.12.22,2nd,AA1DCD698A_S,C31-Brown,P1003 (AA1DCD698A),,,,,,,Meyer,NY,Female,Cecal - Squeezed,Non-fasted,No,No,HS,,
01324AAE,239A_S,WG-Seq,Illumina Novaseq 6141,2X150,AGAACTATGC-ACATTGCGAT,68552560,,QIAGEN DNEASY POWERSOIL KIT,Baud_Plate_4,19.12.22,2nd,DD1DCD239A_S,DD1DCD239A,,289437,BB1DCD6F5B,BB1DCD6F1F,,,,Chen,TN,Female,Cecal - Squeezed,Non-fasted,No,No,HS,,4/3/22
01325AAE,239D_S,WG-Seq,Illumina Novaseq 6142,2X150,CAGGCATTCG-CCGCGCACTG,61387269,,QIAGEN DNEASY POWERSOIL KIT,Baud_Plate_4,19.12.22,2nd,DD1DCD239D_S,DD1DCD239D,,289035,BB1DCD6EF1,BB1DCD6EDC,,,,Chen,TN,Male,Cecal - Squeezed,Non-fasted,No,No,HS,,4/3/22
01326AAE,1913_S,WG-Seq,Illumina Novaseq 6143,2X150,CCATTCCGTG-GGCGTAATCC,56522167,,QIAGEN DNEASY POWERSOIL KIT,Baud_Plate_4,19.12.22,2nd,F1913_S,F1913,933000320500202,,,,,,,Olivier,CA,Female,Cecal - Squeezed,Non-fasted,No,No,HS,24,2/3/22
01327AAE,1981_S,WG-Seq,Illumina Novaseq 6143,2X150,CTTAATAAGA-TTATCTGCGT,58686351,,QIAGEN DNEASY POWERSOIL KIT,Baud_Plate_4,19.12.22,2nd,M1981_S,M1981,933000320499653,,,,,,,Olivier,CA,Male,Cecal - Squeezed,Non-fasted,No,No,HS,24,2/3/22
01328AAE,1102_W,WG-Seq,Illumina Novaseq 6143,2X150,TGCTGGCCAT-AATCTGTATA,78718486,,QIAGEN DNEASY POWERSOIL KIT,Baud_Plate_4,19.12.22,2nd,U1102_W,U1102,933000320525266,,77488_1,77578_2,,,,Jhou,SC,Female,Cecal - Whole,Non-fasted,No,No,HS,,
01329AAE,897_W,WG-Seq,Illumina Novaseq 6134,2X150,TGATACCGCT-CGCTTGACTG,63041742,,QIAGEN DNEASY POWERSOIL KIT,Baud_Plate_4,19.12.22,2nd,U897_W,U897,933000320188682,,76092_1,76504_7,,,,Jhou,SC,Male,Cecal - Whole,Non-fasted,No,No,HS,,
01330AAE,59_6_S,WG-Seq,Illumina Novaseq 6135,2X150,CCTAGTTATC-GATCACGGCA,46667641,,QIAGEN DNEASY POWERSOIL KIT,Baud_Plate_4,19.12.22,2nd,59.6_S,59.6,,,,,,10,59,Alberto,UAB,Male,Cecal - Squeezed,Non-fasted,Yes,No,HS,4,6/9/22
01331AAE,59_7_S,WG-Seq,Illumina Novaseq 6136,2X150,ATGCTATTAA-ATGACATAAT,65495285,,QIAGEN DNEASY POWERSOIL KIT,Baud_Plate_4,19.12.22,2nd,59.7_S,59.7,,,,,,7,59,Alberto,UAB,Female,Cecal - Squeezed,Non-fasted,Yes,No,HS,4,6/9/22
01333AAE,E4_38,WG-Seq,Illumina Novaseq 6138,2X150,GTAGCGAGGT-GGACGTCTAG,59732839,,QIAGEN DNEASY POWERSOIL KIT,Baud_Plate_4,14.12.22,2nd,Epha4_38,H,WT,,,,,,,Amelie,CRG,Female,Cecal - Whole,Fasted,Yes,No,HS,,
01334AAE,E4_27,WG-Seq,Illumina Novaseq 6139,2X150,TGCCGACTAA-CCTGACTAGC,62249450,,QIAGEN DNEASY POWERSOIL KIT,Baud_Plate_4,14.12.22,2nd,Epha4_27,,WT,,,,,,,Amelie,CRG,Female,Cecal - Whole,Fasted,Yes,No,HS,,
01335AAE,E4_34,WG-Seq,Illumina Novaseq 6140,2X150,CAGAATAACG-TCGATAGGTA,58501291,,QIAGEN DNEASY POWERSOIL KIT,Baud_Plate_4,14.12.22,2nd,Epha4_34,G,HET,,,,,,,Amelie,CRG,Female,Cecal - Whole,Fasted,Yes,No,HS,,
01336AAE,E4_30,WG-Seq,Illumina Novaseq 6141,2X150,AATGTCGCTC-ATATCGCTAT,60063426,,QIAGEN DNEASY POWERSOIL KIT,Baud_Plate_4,14.12.22,2nd,Epha4_30,D,HET,,,,,,,Amelie,CRG,Male,Cecal - Whole,Fasted,Yes,No,HS,,
01337AAE,E4_32,WG-Seq,Illumina Novaseq 6142,2X150,CAGCCTCAAG-CCGCAGTGCC,71839226,,QIAGEN DNEASY POWERSOIL KIT,Baud_Plate_4,14.12.22,2nd,Epha4_32,E,HET,,,,,,,Amelie,CRG,Male,Cecal - Whole,Fasted,Yes,No,HS,,
01338AAE,E4_46,WG-Seq,Illumina Novaseq 6143,2X150,GGCTTCGTGA-GGCGTAACGG,75337779,,QIAGEN DNEASY POWERSOIL KIT,Baud_Plate_4,14.12.22,2nd,Epha4_46,I,HET,,,,,,,Amelie,CRG,Male,Cecal - Whole,Fasted,Yes,No,HS,,
01339AAE,E4_29,WG-Seq,Illumina Novaseq 6143,2X150,TCTAAGTGCC-ATATCCGAAT,65680606,,QIAGEN DNEASY POWERSOIL KIT,Baud_Plate_4,14.12.22,2nd,Epha4_29,,WT,,,,,,,Amelie,CRG,Female,Cecal - Whole,Fasted,Yes,No,HS,,
01340AAE,E4_33,WG-Seq,Illumina Novaseq 6143,2X150,ATAGGTACTT-TATAGTCAGA,69907059,,QIAGEN DNEASY POWERSOIL KIT,Baud_Plate_4,15.12.22,2nd,Epha4_33,F,WT,,,,,,,Amelie,CRG,Male,Cecal - Whole,Fasted,Yes,No,HS,,
01341AAE,E4_40,WG-Seq,Illumina Novaseq 6134,2X150,GTCTCAATAT-ATAGCACTTC,74315012,,QIAGEN DNEASY POWERSOIL KIT,Baud_Plate_4,15.12.22,2nd,Epha4_40,H,HET,,,,,,,Amelie,CRG,Female,Cecal - Whole,Fasted,Yes,No,HS,,
01342AAE,E4_48,WG-Seq,Illumina Novaseq 6135,2X150,AGAATAGGTC-CGCATTATTA,54618090,,QIAGEN DNEASY POWERSOIL KIT,Baud_Plate_4,15.12.22,2nd,Epha4_48,K,HET,,,,,,,Amelie,CRG,Male,Cecal - Whole,Fasted,Yes,No,HS,,
01343AAE,E4_26,WG-Seq,Illumina Novaseq 6136,2X150,CCTGGCTCCA-TCGCAGTGAG,67193734,,QIAGEN DNEASY POWERSOIL KIT,Baud_Plate_4,15.12.22,2nd,Epha4_26,E,WT,,,,,,,Amelie,CRG,Male,Cecal - Whole,Fasted,Yes,No,HS,,
01344AAE,E4_47,WG-Seq,Illumina Novaseq 6137,2X150,AAGTAGCCGG-CATAGCGCCG,73126636,,QIAGEN DNEASY POWERSOIL KIT,Baud_Plate_4,15.12.22,2nd,Epha4_47,J,HET,,,,,,,Amelie,CRG,Male,Cecal - Whole,Fasted,Yes,No,HS,,
01345AAE,E4_31,WG-Seq,Illumina Novaseq 6138,2X150,GCTCATCGTT-GAACTTATGT,56566791,,QIAGEN DNEASY POWERSOIL KIT,Baud_Plate_4,15.12.22,2nd,Epha4_31,,WT,,,,,,,Amelie,CRG,Male,Cecal - Whole,Fasted,Yes,No,HS,,
01346AAE,021_W,WG-Seq,Illumina Novaseq 6139,2X150,ATAGGCGACA-CTGTACGAAC,72393480,,QIAGEN DNEASY POWERSOIL KIT,Baud_Plate_4,15.12.22,2nd,021_W,21,,E-A7/094,78055_1,78008_2,,,,Leah,NC,Female,Cecal - Whole,Fasted,No,No,HS,8,
01347AAE,001_L,WG-Seq,Illumina Novaseq 6140,2X150,CAGATATCAC-ACCGCATCTG,64001426,,QIAGEN DNEASY POWERSOIL KIT,Baud_Plate_4,15.12.22,2nd,001_L,1,,E-A1/095,78999_1,78701_2,,,,Leah,NC,Male,Cecal - Leftover,Fasted,No,No,HS,8,
01348AAE,008_W,WG-Seq,Illumina Novaseq 6141,2X150,TGCTCTATTG-GCTAGGCGCA,59553324,,QIAGEN DNEASY POWERSOIL KIT,Baud_Plate_4,15.12.22,2nd,008_W,8,,E-A4/095,78122_1,78181_2,,,,Leah,NC,Male,Cecal - Whole,Fasted,No,No,HS,8,
01349AAE,028_W,WG-Seq,Illumina Novaseq 6142,2X150,ATCAAGGCGA-TGATGCGAAT,82305194,,QIAGEN DNEASY POWERSOIL KIT,Baud_Plate_4,15.12.22,2nd,028_W,28,,B-E6/094,78738_1,78728_2,,,,Leah,NC,Female,Cecal - Whole,Non-fasted,No,No,HS,8,
01350AAE,010_W,WG-Seq,Illumina Novaseq 6143,2X150,TCAGTGCTCG-CTGCCGAGGA,60417685,,QIAGEN DNEASY POWERSOIL KIT,Baud_Plate_4,15.12.22,2nd,010_W,10,,B-E1/094,78699_1,78765_2,,,,Leah,NC,Male,Cecal - Whole,Non-fasted,No,No,HS,8,
01351AAE,018_W,WG-Seq,Illumina Novaseq 6143,2X150,GAGTCCTGGC-AGCGATTACC,64034032,,QIAGEN DNEASY POWERSOIL KIT,Baud_Plate_4,15.12.22,2nd,018_W,18,,E-A5/094,78146_1,78184_2,,,,Leah,NC,Female,Cecal - Whole,Fasted,No,No,HS,8,
01352AAE,001_S,WG-Seq,Illumina Novaseq 6143,2X150,CGTCGAATGT-TCTAGACTTG,69700329,,QIAGEN DNEASY POWERSOIL KIT,Baud_Plate_4,15.12.22,2nd,001_S,1,,E-A1/095,78999_1,78701_2,,,,Leah,NC,Male,Cecal - Squeezed,Fasted,No,No,HS,8,
01353AAE,017_S,WG-Seq,Illumina Novaseq 6134,2X150,GTGCCTGACA-TATTATTCGC,63915589,,QIAGEN DNEASY POWERSOIL KIT,Baud_Plate_4,15.12.22,2nd,017_S,17,,E-A5/094,78801_1,78702_2,,,,Leah,NC,Female,Cecal - Squeezed,Fasted,No,No,HS,8,
01354AAE,007_W,WG-Seq,Illumina Novaseq 6135,2X150,CACTTAATTG-ATACGCCGCG,64124411,,QIAGEN DNEASY POWERSOIL KIT,Baud_Plate_4,15.12.22,2nd,007_W,7,,E-A4/095,78709_1,78707_2,,,,Leah,NC,Male,Cecal - Whole,Fasted,No,No,HS,8,
01355AAE,029_W,WG-Seq,Illumina Novaseq 6136,2X150,TGTCACTGAC-CCGATAATAA,73126378,,QIAGEN DNEASY POWERSOIL KIT,Baud_Plate_4,15.12.22,2nd,029_W,29,,B-E7/094,78705_1,78785_2,,,,Leah,NC,Female,Cecal - Whole,Non-fasted,No,No,HS,8,
01356AAE,017_L,WG-Seq,Illumina Novaseq 6137,2X150,ACAGGTCCGG-AGCTCGGATT,77173997,,QIAGEN DNEASY POWERSOIL KIT,Baud_Plate_4,15.12.22,2nd,017_L,17,,E-A5/094,78801_1,78702_2,,,,Leah,NC,Female,Cecal - Leftover,Fasted,No,No,HS,8,
01357AAE,009_L,WG-Seq,Illumina Novaseq 6138,2X150,GCGACGAGTT-GCGGCCATGT,73396162,,QIAGEN DNEASY POWERSOIL KIT,Baud_Plate_4,15.12.22,2nd,009_L,9,,B-E1/094,78105_1,78120_2,,,,Leah,NC,Male,Cecal - Leftover,Non-fasted,No,No,HS,8,
01358AAE,002_W,WG-Seq,Illumina Novaseq 6139,2X150,AATAGCGTCT-TTACAGGCAA,77303186,,QIAGEN DNEASY POWERSOIL KIT,Baud_Plate_4,15.12.22,2nd,002_W,2,,E-A1/095,78744_1,78705_2,,,,Leah,NC,Male,Cecal - Whole,Fasted,No,No,HS,8,
01359AAE,020_W,WG-Seq,Illumina Novaseq 6140,2X150,CTCGTACTAC-CGCAGACGTC,69549223,,QIAGEN DNEASY POWERSOIL KIT,Baud_Plate_4,15.12.22,2nd,020_W,20,,E-A6/094,78706_1,79127_2,,,,Leah,NC,Female,Cecal - Whole,Fasted,No,No,HS,8,
01360AAE,024_W,WG-Seq,Illumina Novaseq 6141,2X150,TGATATTACA-GATATGTACG,60469213,,QIAGEN DNEASY POWERSOIL KIT,Baud_Plate_4,15.12.22,2nd,024_W,24,,E-A8/094,78043_1,78276_2,,,,Leah,NC,Female,Cecal - Whole,Fasted,No,No,HS,8,
01361AAE,004_W,WG-Seq,Illumina Novaseq 6142,2X150,GTGCCGCAGT-GGACTATAAG,77711510,,QIAGEN DNEASY POWERSOIL KIT,Baud_Plate_4,15.12.22,2nd,004_W,4,,E-A2/095,78771_1,78700_2,,,,Leah,NC,Male,Cecal - Whole,Fasted,No,No,HS,8,
01362AAE,015_W,WG-Seq,Illumina Novaseq 6143,2X150,CACGTATTAA-AATGATCGTC,66508692,,QIAGEN DNEASY POWERSOIL KIT,Baud_Plate_4,15.12.22,2nd,015_W,15,,B-E4/094,78267_1,78107_2,,,,Leah,NC,Male,Cecal - Whole,Non-fasted,No,No,HS,8,
01363AAE,D6306_4,WG-Seq,Illumina Novaseq 6143,2X150,AGTTACAGTG-TCCTCCGTCA,66212399,,QIAGEN DNEASY POWERSOIL KIT,Baud_Plate_4,,2nd,,,,,,,,,,Nuria,CRG,,,,,,,,
01364AAE,D6306_5,WG-Seq,Illumina Novaseq 6143,2X150,TCATATGACC-CTTAGGACGC,61964880,,QIAGEN DNEASY POWERSOIL KIT,Baud_Plate_4,,2nd,,,,,,,,,,Nuria,CRG,,,,,,,,
01365AAE,D6306_6,WG-Seq,Illumina Novaseq 6134,2X150,CGCAGACCTG-TAGTACATGT,67386288,,QIAGEN DNEASY POWERSOIL KIT,Baud_Plate_4,,2nd,,,,,,,,,,Nuria,CRG,,,,,,,,
01366AAE,6926_F,WG-Seq,Illumina Novaseq 6135,2X150,ATTCTCAGGC-CTGCGACCTG,67492617,,QIAGEN DNEASY POWERSOIL KIT,Baud_Plate_3,29.11.22,2nd,P979_F,C37-Black Hood,P979 (AA1DCD6926),,,,,,,Meyer,NY,Female,Fecal,Non-fasted,No,No,HS,,
01367AAE,693F_F,WG-Seq,Illumina Novaseq 6136,2X150,GAGACTTCCT-GGCACGTGAA,55684866,,QIAGEN DNEASY POWERSOIL KIT,Baud_Plate_3,29.11.22,2nd,P954_F,C19-Black,P954 (AA1DCD693F),,,,,,,Meyer,NY,Female,Fecal,Non-fasted,No,No,HS,,
01368AAE,5839_F,WG-Seq,Illumina Novaseq 6137,2X150,TCAGTCGGAA-CCAGTTAACT,73567859,,QIAGEN DNEASY POWERSOIL KIT,Baud_Plate_3,12.12.22,2nd,58.39_F,58.39,,,,,,14,58,Alberto,UAB,Female,Fecal,Non-fasted,Yes,No,HS,17,6/9/22
01369AAE,8703_F,WG-Seq,Illumina Novaseq 6138,2X150,TGACTACTAC-ATCAGGTAAC,126955538,,QIAGEN DNEASY POWERSOIL KIT,Baud_Plate_3,12.12.22,2nd,8703_F,8703,,,,,,10,87,Alberto,UAB,Male,Fecal,Non-fasted,Yes,No,RLA,19,6/9/22
01370AAE,1101_W,WG-Seq,Illumina Novaseq 6139,2X150,AATTCGGCTG-TCGTCCATTG,40181825,,QIAGEN DNEASY POWERSOIL KIT,Baud_Plate_3,12.12.22,2nd,933000320525261_W,U1101,933000320525261,,78416_1,78151_2,,,,Jhou,SC,Female,Cecal - Whole,Non-fasted,No,No,HS,,
00728AAE,008_SP,WG-Seq,Illumina Novaseq 6143,2X150,TTCTTAGAGT-TAGACGCATA,43098995,,QIAGEN DNEASY POWERSOIL KIT,Baud_Tubes_1,19.12.22,2nd,008_SP,8,,E-A4/095,78122_1,78181_2,,,,Leah,NC,Male,Spleen,Fasted,No,No,HS,8,
00729AAE,009_SP,WG-Seq,Illumina Novaseq 6143,2X150,CCGCCTAGAA-CTAGTAGTAT,41129927,,QIAGEN DNEASY POWERSOIL KIT,Baud_Tubes_2,19.12.22,2nd,009_SP,9,,B-E1/094,78105_1,78120_2,,,,Leah,NC,Male,Spleen,Non-fasted,No,No,HS,8,
00730AAE,015_SP,WG-Seq,Illumina Novaseq 6143,2X150,GATGACTTCG-GCTTATTGCG,34889185,,QIAGEN DNEASY POWERSOIL KIT,Baud_Tubes_3,19.12.22,2nd,015_SP,15,,B-E4/094,78267_1,78107_2,,,,Leah,NC,Male,Spleen,Non-fasted,No,No,HS,8,
00731AAE,007_SP,WG-Seq,Illumina Novaseq 6134,2X150,AGAAGTCCTC-AGCCGCACTC,40756118,,QIAGEN DNEASY POWERSOIL KIT,Baud_Tubes_4,19.12.22,2nd,007_SP,7,,E-A4/095,78709_1,78707_2,,,,Leah,NC,Male,Spleen,Fasted,No,No,HS,8,
00732AAE,001_SP,WG-Seq,Illumina Novaseq 6135,2X150,CGTTCGTATG-TAAGTTCTGC,41204400,,QIAGEN DNEASY POWERSOIL KIT,Baud_Tubes_5,19.12.22,2nd,001_SP,1,,E-A1/095,78999_1,78701_2,,,,Leah,NC,Male,Spleen,Fasted,No,No,HS,8,
00733AAE,025_SP,WG-Seq,Illumina Novaseq 6136,2X150,GCGATCATCA-CCGCAATAAG,35599284,,QIAGEN DNEASY POWERSOIL KIT,Baud_Tubes_6,19.12.22,2nd,025_SP,25,,B-E5/094,78791_1,78739_2,,,,Leah,NC,Female,Spleen,Non-fasted,No,No,HS,8,
00734AAE,027_SP,WG-Seq,Illumina Novaseq 6137,2X150,ATACAGCCAT-GTCTGGACCT,52769640,,QIAGEN DNEASY POWERSOIL KIT,Baud_Tubes_7,19.12.22,2nd,027_SP,27,,B-E6/094,78133_1,78418_2,,,,Leah,NC,Female,Spleen,Non-fasted,No,No,HS,8,
00735AAE,004_SP,WG-Seq,Illumina Novaseq 6138,2X150,CATGGATGGC-ATTACCGGAA,42583850,,QIAGEN DNEASY POWERSOIL KIT,Baud_Tubes_8,19.12.22,2nd,004_SP,4,,E-A2/095,78771_1,78700_2,,,,Leah,NC,Male,Spleen,Fasted,No,No,HS,8,
00736AAE,013_SP,WG-Seq,Illumina Novaseq 6139,2X150,CTGTCAATCC-CACTTCGCTA,39547066,,QIAGEN DNEASY POWERSOIL KIT,Baud_Tubes_9,19.12.22,2nd,013_SP,13,,B-E3/094,78414_1,78312_1,,,,Leah,NC,Male,Spleen,Non-fasted,No,No,HS,8,
00737AAE,002_SP,WG-Seq,Illumina Novaseq 6143,2X150,TCACTGGAGT-TGTAAGCGCT,46253543,,QIAGEN DNEASY POWERSOIL KIT,Baud_Tubes_10,19.12.22,2nd,002_SP,2,,E-A1/095,78744_1,78705_2,,,,Leah,NC,Male,Spleen,Fasted,No,No,HS,8,
00738AAE,017_SP,WG-Seq,Illumina Novaseq 6143,2X150,GGTAGTCCTG-GTAGCTATGC,37044820,,QIAGEN DNEASY POWERSOIL KIT,Baud_Tubes_11,19.12.22,2nd,017_SP,17,,E-A5/094,78801_1,78702_2,,,,Leah,NC,Female,Spleen,Fasted,No,No,HS,8,
00739AAE,021_SP,WG-Seq,Illumina Novaseq 6143,2X150,AACGATTGAA-ACTCGAGAAG,36382312,,QIAGEN DNEASY POWERSOIL KIT,Baud_Tubes_12,19.12.22,2nd,021_SP,21,,E-A7/094,78055_1,78008_2,,,,Leah,NC,Female,Spleen,Fasted,No,No,HS,8,
00740AAE,022_SP,WG-Seq,Illumina Novaseq 6134,2X150,CAGCTCCTAG-CCGCCATATC,40280144,,QIAGEN DNEASY POWERSOIL KIT,Baud_Tubes_13,19.12.22,2nd,022_SP,22,,E-A7/094,78062_1,78415_2,,,,Leah,NC,Female,Spleen,Fasted,No,No,HS,8,
00741AAE,031_SP,WG-Seq,Illumina Novaseq 6135,2X150,ACTGAAGGCA-GACAGCTCGG,45354209,,QIAGEN DNEASY POWERSOIL KIT,Baud_Tubes_14,19.12.22,2nd,031_SP,31,,B-E8/094,78799_1,78692_2,,,,Leah,NC,Female,Spleen,Non-fasted,No,No,HS,8,
00742AAE,030_SP,WG-Seq,Illumina Novaseq 6136,2X150,TTCAGGAAGT-ATGTATCGAT,47847699,,QIAGEN DNEASY POWERSOIL KIT,Baud_Tubes_15,19.12.22,2nd,030_SP,30,,B-E7/094,79012_1,78706_2,,,,Leah,NC,Female,Spleen,Non-fasted,No,No,HS,8,
00743AAE,026_SP,WG-Seq,Illumina Novaseq 6137,2X150,GGATCTCCTC-GGAGTTATCA,38773657,,QIAGEN DNEASY POWERSOIL KIT,Baud_Tubes_16,19.12.22,2nd,026_SP,26,,B-E5/094,78077_1,78123_2,,,,Leah,NC,Female,Spleen,Non-fasted,No,No,HS,8,
00744AAE,003_SP,WG-Seq,Illumina Novaseq 6138,2X150,ATTGAATACG-CAAGATGATG,40838634,,QIAGEN DNEASY POWERSOIL KIT,Baud_Tubes_17,19.12.22,2nd,003_SP,3,,E-A2/095,78906_1,78797_2,,,,Leah,NC,Male,Spleen,Fasted,No,No,HS,8,
00745AAE,020_SP,WG-Seq,Illumina Novaseq 6139,2X150,TACAGGATGC-GTTCTAAGAC,37994796,,QIAGEN DNEASY POWERSOIL KIT,Baud_Tubes_18,19.12.22,2nd,020_SP,20,,E-A6/094,78706_1,79127_2,,,,Leah,NC,Female,Spleen,Fasted,No,No,HS,8,
00746AAE,012_SP,WG-Seq,Illumina Novaseq 6143,2X150,CCGTCCGGAT-ACCTGCCTCT,42129298,,QIAGEN DNEASY POWERSOIL KIT,Baud_Tubes_19,19.12.22,2nd,012_SP,12,,B-E2/094,78828_1,78770_1,,,,Leah,NC,Male,Spleen,Non-fasted,No,No,HS,8,
00747AAE,029_SP,WG-Seq,Illumina Novaseq 6143,2X150,GGAATTCATA-TGCACGTCCA,33512085,,QIAGEN DNEASY POWERSOIL KIT,Baud_Tubes_20,19.12.22,2nd,029_SP,29,,B-E7/094,78705_1,78785_2,,,,Leah,NC,Female,Spleen,Non-fasted,No,No,HS,8,
00748AAE,011_SP,WG-Seq,Illumina Novaseq 6143,2X150,CATCGCTCTG-CCGAATCGGT,40239584,,QIAGEN DNEASY POWERSOIL KIT,Baud_Tubes_21,19.12.22,2nd,011_SP,11,,B-E2/094,78702_1,79039_2,,,,Leah,NC,Male,Spleen,Non-fasted,No,No,HS,8,
00749AAE,018_SP,WG-Seq,Illumina Novaseq 6134,2X150,ACCTCGCGCC-TTACTGTCGA,42926178,,QIAGEN DNEASY POWERSOIL KIT,Baud_Tubes_22,19.12.22,2nd,018_SP,18,,E-A5/094,78146_1,78184_2,,,,Leah,NC,Female,Spleen,Fasted,No,No,HS,8,
00750AAE,023_SP,WG-Seq,Illumina Novaseq 6135,2X150,TGGCTTACAT-GAGGCCGATG,44739719,,QIAGEN DNEASY POWERSOIL KIT,Baud_Tubes_23,19.12.22,2nd,023_SP,23,,E-A8/094,78054_1,78224_2,,,,Leah,NC,Female,Spleen,Fasted,No,No,HS,8,
00751AAE,032_SP,WG-Seq,Illumina Novaseq 6136,2X150,ATAGAACTCA-GATTGATTAC,41304232,,QIAGEN DNEASY POWERSOIL KIT,Baud_Tubes_24,19.12.22,2nd,032_SP,32,,B-E8/094,78745_1,78710_2,,,,Leah,NC,Female,Spleen,Non-fasted,No,No,HS,8,
00752AAE,005_SP,WG-Seq,Illumina Novaseq 6137,2X150,ACTCGAATGA-TCGATACTTC,40689986,,QIAGEN DNEASY POWERSOIL KIT,Baud_Tubes_25,19.12.22,2nd,005_SP,5,,E-A3/095,78796_1,78786_2,,,,Leah,NC,Male,Spleen,Fasted,No,No,HS,8,
00753AAE,016_SP,WG-Seq,Illumina Novaseq 6138,2X150,TGATCGTACG-ATATCGTCAG,39485280,,QIAGEN DNEASY POWERSOIL KIT,Baud_Tubes_26,19.12.22,2nd,016_SP,16,,B-E4/094,78418_1,78171_2,,,,Leah,NC,Male,Spleen,Non-fasted,No,No,HS,8,
00754AAE,010_SP,WG-Seq,Illumina Novaseq 6139,2X150,GTCATTGCTC-GATCGTAACT,42611502,,QIAGEN DNEASY POWERSOIL KIT,Baud_Tubes_27,19.12.22,2nd,010_SP,10,,B-E1/094,78699_1,78765_2,,,,Leah,NC,Male,Spleen,Non-fasted,No,No,HS,8,
00755AAE,024_SP,WG-Seq,Illumina Novaseq 6143,2X150,CAGGAACTAT-CGCGACTGGA,38491079,,QIAGEN DNEASY POWERSOIL KIT,Baud_Tubes_28,19.12.22,2nd,024_SP,24,,E-A8/094,78043_1,78276_2,,,,Leah,NC,Female,Spleen,Fasted,No,No,HS,8,
00756AAE,014_SP,WG-Seq,Illumina Novaseq 6143,2X150,CTATACCGCG-CCTTGCGGAG,39975548,,QIAGEN DNEASY POWERSOIL KIT,Baud_Tubes_29,19.12.22,2nd,014_SP,14,,B-E3/094,78711_1,78775_2,,,,Leah,NC,Male,Spleen,Non-fasted,No,No,HS,8,
00757AAE,019_SP,WG-Seq,Illumina Novaseq 6143,2X150,GCCGCTTAGA-GTCACTGCGC,33343447,,QIAGEN DNEASY POWERSOIL KIT,Baud_Tubes_30,19.12.22,2nd,019_SP,19,,E-A6/094,78780_1,78774_2,,,,Leah,NC,Female,Spleen,Fasted,No,No,HS,8,
00758AAE,006_SP,WG-Seq,Illumina Novaseq 6134,2X150,AAGCGCGGTC-TGACTGAATA,42801257,,QIAGEN DNEASY POWERSOIL KIT,Baud_Tubes_31,19.12.22,2nd,006_SP,6,,E-A3/095,78775_1,78803_2,,,,Leah,NC,Male,Spleen,Fasted,No,No,HS,8,
00759AAE,028_SP,WG-Seq,Illumina Novaseq 6135,2X150,GGTATGCTAT-AAGGACCTCG,53339555,,QIAGEN DNEASY POWERSOIL KIT,Baud_Tubes_32,19.12.22,2nd,028_SP,28,,B-E6/094,78738_1,78728_2,,,,Leah,NC,Female,Spleen,Non-fasted,No,No,HS,8,
01293AAE,CONT,WG-Seq,Illumina Novaseq 6134,2X150,GAGCTCGCTC-GTAAGGCGCC,11202,,QIAGEN DNEASY POWERSOIL KIT,Baud_Plate_3,,2nd,,,,,,,,,,Anna,CRG,,,,,,,,
01332AAE,CONT,WG-Seq,Illumina Novaseq 6137,2X150,GACTCCGCGG-TCCGGTATGC,187869,,QIAGEN DNEASY POWERSOIL KIT,Baud_Plate_4,,2nd,,,,,,,,,,Anna,CRG,,,,,,,,
,,,,,,,,,,,,,,,,,,,,,,,,,,,,,,